num,name,sex,clas,prof,colle,tel,wechat,year,dorm
10141032,安志史,男,13,生物医学工程,新东方培训学校,96665995055,yruhr,2016,636
10355008,岚生邵,女,11,光源与照明,杨振宁理学院,14228206689,ipzoq,2019,c13
10422642,强滕婉,女,1,地理信息系统,李政道学院,96826353787,wyvzn,2001,ab9
10497633,吕许娜,男,12,网络工程,挖掘机研究所,79687367735,lsuyx,2003,8c5
10688716,瑾仁廉,女,19,电气工程与自动化,新东方培训学校,40490386429,ajtsp,2014,382
10718690,天菊乐,女,18,电气工程及其自动化,篮翔智能研究院,56062070439,uqbks,2000,cb8
10851209,晶信宜,男,3,信息显示与光电技术,篮翔智能研究院,50662675843,slair,2010,917
10905431,莉桂真,女,13,地理信息科学与技术,挖掘机研究所,64423865449,wbdwu,2019,b34
11124273,影孔齐,女,1,资源环境与城乡规划管理,中国科学院,85847696929,zttml,2014,686
11168924,华韦眉,男,10,电气工程及其自动化,挖掘机研究所,74145157811,qodig,2011,bac
11215194,枫严舒,女,9,电子科学与技术,中国科学院,93001731584,iirsg,2002,7c2
11313357,芬祥蓓,女,16,信息工程,中国科学院,61933496564,lchyf,2008,c91
11399049,茂钱颖,男,18,计算机科学与技术,李政道学院,53167168276,pvnow,2001,a28
11438548,荔顾雷,男,3,集成电路设计与集成系统,李政道学院,27867433334,uxvkb,2013,335
11721015,周尤冯,男,17,电气工程及其自动化,挖掘机研究所,96225053425,twhbj,2007,97b
11773211,佳娣娟,女,14,电气工程与自动化,李政道学院,47078911292,fkgnz,2015,9ab
11792551,宜潘莎,女,1,集成电路设计与集成系统,中国科学院,17256193338,qgjfs,2016,73b
11823895,花菲祥,女,13,地理信息科学与技术,杨振宁理学院,14411106236,xoaqt,2013,c47
11852794,秦米汤,男,10,地理科学类地理科学,篮翔智能研究院,51974976233,oefhc,2001,5b2
11953263,苏卞秦,女,15,光电信息工程,李政道学院,22893005279,hezci,2011,9c6
11995103,朱中罗,男,8,网络工程,挖掘机研究所,79367971678,jxynf,2008,8a1
12043094,琦戚柳,女,9,生物医学工程,新东方厨师学校,31339918862,apmrs,2013,758
12078038,爱周明,女,18,地理信息系统,新东方培训学校,97015116816,rahga,2013,75c
12206482,信君菲,男,14,电子科学与技术,篮翔智能研究院,11639109779,hhyjl,2001,861
12296515,尤峰莲,女,2,影视艺术技术,挖掘机研究所,29180404360,ejxvp,2010,2bb
12444977,欣瑶利,女,16,光源与照明,新东方培训学校,75225918278,lepnd,2006,978
12483113,秀喻翠,男,3,电子科学与技术,杨振宁理学院,49822679920,gdplr,2009,144
12505247,莉袁萧,男,2,地理信息科学与技术,中国科学院,21773678344,suivh,2020,815
12570061,鲁卞魏,男,1,地理信息系统,挖掘机研究所,33232503637,gdcyg,2007,81a
12625783,贝李杰,男,2,资源环境与城乡规划管理,挖掘机研究所,59545815857,ruuyd,2020,165
12651546,任燕俊,女,17,集成电路设计与集成系统,新东方厨师学校,17263775668,ttezr,2018,96b
12779659,丽华伍,女,2,地理科学类地理科学,李政道学院,20109874081,sfozw,2020,748
12786303,时珠娣,男,3,电气工程与自动化,李政道学院,56260404740,kwdlx,2003,848
12840941,健穆倪,男,6,电气工程及其自动化,新东方培训学校,86318178875,rkuhg,2015,21c
12907129,荣世岑,男,5,天文学类天文学,新东方厨师学校,52904927914,yuxnr,2008,378
12910164,荣菁安,男,10,电气工程与自动化,杨振宁理学院,25573921119,zaqig,2004,982
12945195,凝罗宜,女,7,生物医学工程,新东方培训学校,70820938225,bcadi,2008,a29
12994703,桂鲍茜,男,5,计算机科学与技术,李政道学院,55671564196,rgzsl,2010,435
13001497,思孙许,女,18,集成电路设计与集成系统,李政道学院,84374223484,ixprq,2020,464
13083996,山鲁吕,女,14,信息工程,中国科学院,94959676225,gjcaj,2000,496
13112993,倩罗柔,女,9,影视艺术技术,篮翔智能研究院,97579869479,desjq,2005,868
13160314,勤勤婵,女,8,电气工程与自动化,杨振宁理学院,82752528618,lwiyv,2017,749
13268009,冯星婷,女,14,网络工程,李政道学院,72572530069,nqpzr,2006,246
13313807,兰芝筠,男,9,集成电路设计与集成系统,杨振宁理学院,38109217199,nxtha,2005,436
13337592,杰燕娅,女,7,计算机科学与技术,新东方培训学校,87946766961,soyja,2016,53b
13475453,婵信芸,男,9,地理科学类地理科学,新东方培训学校,80047886960,xjkji,2009,234
13598900,莎荔青,男,1,影视艺术技术,挖掘机研究所,31077186397,fsxof,2010,459
13652137,俞常军,女,2,地球化学,挖掘机研究所,85906380228,xcdkx,2008,711
14031081,涛荷莺,男,9,电子信息工程,杨振宁理学院,13277597180,zveio,2003,462
14053250,伊姬贵,男,11,软件工程,新东方培训学校,62419922446,dibyn,2015,817
14061774,兰涛湛,女,3,信息显示与光电技术,中国科学院,89711071103,gydgo,2016,963
14163475,范环元,女,11,软件工程,挖掘机研究所,21289302705,rqthw,2006,a94
14241701,魏秀峰,男,7,天文学类天文学,李政道学院,56540667787,ndkcb,2020,18a
14262823,媛姚秀,女,6,地球化学,新东方厨师学校,87238100386,appup,2001,442
14457693,朱殷真,女,5,通信工程,杨振宁理学院,86496332158,mnsqi,2013,bc1
14483939,穆舒平,男,15,地球化学,挖掘机研究所,89107562334,cgucm,2003,61c
14543302,玉康平,男,6,地球化学,李政道学院,25439333382,ycghv,2020,54a
14609134,萍平菲,男,16,天文学类天文学,杨振宁理学院,10743870578,bapxy,2000,551
14672601,卜琳义,男,7,信息工程,中国科学院,30193105136,hvnzn,2012,398
14720198,平魏祁,女,17,电气工程与自动化,中国科学院,13653117584,uvhap,2006,158
14743496,巧蕊勇,男,3,软件工程,李政道学院,13641040096,xtxll,2013,a61
15250938,金凡妍,男,11,地理科学类地理科学,篮翔智能研究院,69501936454,ygjnr,2018,596
15356425,军伊健,女,18,电子信息工程,篮翔智能研究院,27998023987,ewosw,2018,67c
15372127,荷云彬,女,17,集成电路设计与集成系统,李政道学院,14665155939,rlnck,2018,76c
15530624,贞玉华,女,16,地球化学,李政道学院,84332849976,wyfcz,2002,431
15590568,飞峰明,男,11,电气工程与自动化,李政道学院,99341286187,uyenb,2016,142
15682268,米云青,男,6,地理信息系统,新东方厨师学校,23561669804,hldmt,2000,89b
15710272,傅孟柏,男,14,自动化,杨振宁理学院,99069424476,hhiyb,2018,3a5
15745498,佳汪伟,女,9,地理科学类地理科学,挖掘机研究所,40839928286,hcjnd,2000,482
15757801,兰世萍,女,2,网络工程,新东方培训学校,70011101593,sehnz,2010,194
15819716,尤毕褚,男,13,资源环境与城乡规划管理,李政道学院,22436094136,vwodl,2004,87c
16023051,青杰凤,女,1,地理信息科学与技术,李政道学院,99669282682,ynkrm,2006,154
16046129,毅伊元,女,15,地理科学类地理科学,李政道学院,89083063560,vsnjc,2006,8a6
16223879,雁婷方,男,9,地理科学类地理科学,新东方培训学校,80970323481,ygrqy,2011,c91
16275015,龙平力,男,5,地理信息系统,篮翔智能研究院,26925155427,gjiww,2013,9ca
16442939,余邬朱,女,8,网络工程,新东方厨师学校,75985766759,xvrca,2000,369
16631042,义尹美,女,19,软件工程,中国科学院,55822873644,dqvyl,2018,877
16843775,波峰秀,女,10,光源与照明,中国科学院,69474260412,cdokw,2018,839
16879561,亚宁惠,女,2,光源与照明,新东方培训学校,42123437795,bqoao,2016,5ac
16917486,萧唐施,男,17,生物医学工程,新东方培训学校,86129650658,nvrjj,2014,74b
17037887,郝晶晶,女,16,光电信息工程,挖掘机研究所,70188213281,jwdck,2007,9c6
17114566,桂彩亚,男,14,通信工程,篮翔智能研究院,97841248504,rbvkt,2011,912
17439201,滢凤娥,男,13,集成电路设计与集成系统,李政道学院,85027982611,dqgoy,2019,1a9
17619651,祁莲郝,女,1,计算机科学与技术,中国科学院,57553188411,zyreb,2009,595
17626875,张嘉寒,女,9,电气工程及其自动化,新东方培训学校,85836280653,qxmzq,2010,36a
17840895,昌青琦,女,6,影视艺术技术,新东方培训学校,56982087440,anhqt,2019,126
18013002,康水菊,女,16,资源环境与城乡规划管理,杨振宁理学院,48155261649,laxtl,2011,493
18014829,汪元宁,女,5,通信工程,李政道学院,29952412131,ygnfv,2019,61b
18031821,彬发凤,男,1,光电信息工程,新东方厨师学校,35312212089,qvfrj,2006,836
18184674,鲁华中,女,16,软件工程,李政道学院,17632316219,metrl,2007,a7b
18211183,兰邵鲁,男,15,地理科学类地理科学,李政道学院,20509742970,tnden,2008,66c
18236182,达雅梅,女,14,地理信息科学与技术,新东方厨师学校,54579708122,azuif,2007,8c4
18357188,君仪育,女,6,网络工程,新东方厨师学校,29137207240,xjgjm,2014,911
18417021,枫王滕,男,6,光电信息工程,挖掘机研究所,95684247721,rtwti,2016,53b
18543694,红姜莎,女,16,生物医学工程,李政道学院,79766242454,laood,2017,431
18622687,爱祥元,女,4,光电信息工程,李政道学院,94787768362,efxvb,2016,967
18687581,宜桂育,女,1,地球化学,篮翔智能研究院,11622858679,idxlu,2019,c18
18781139,娟毅妍,男,18,信息显示与光电技术,李政道学院,27730258089,gzcpj,2012,53b
18796280,秀东霄,女,7,地球化学,李政道学院,23272088865,jklkb,2012,422
18806631,苑婉朱,男,17,光源与照明,中国科学院,10697882517,bjcsk,2013,b8b
18827034,蓉米莉,男,14,计算机科学与技术,杨振宁理学院,29280694810,zovgq,2017,94b
18853726,严康飞,男,16,地质学类地质学,中国科学院,93281269377,ieiyq,2004,9a9
18992288,叶馥薇,女,7,生物医学工程,中国科学院,21155919824,fzoqs,2018,318
19144044,馥美陶,男,19,地理信息科学与技术,挖掘机研究所,94271316503,bpmtb,2017,8bb
19307257,爱翠新,女,13,通信工程,李政道学院,45164166429,uiiyv,2005,2a9
19366378,沈茂力,女,8,自动化,挖掘机研究所,11119756331,uivna,2006,415
19491456,滢秀乐,女,1,光电信息工程,李政道学院,48074298929,qcqfb,2009,131
19611047,施明王,女,18,生物医学工程,李政道学院,54879984699,stjft,2004,635
19648857,学苏琦,男,1,电气工程与自动化,篮翔智能研究院,85801073901,vsiva,2011,9c6
19720382,张宜秋,女,18,地球化学,新东方厨师学校,69858311604,dexab,2015,b59
19910767,素静嘉,男,8,计算机科学与技术,中国科学院,50117223971,vjeyb,2019,19b
19927446,芸菲惠,男,7,地质学类地质学,李政道学院,42400621558,qwldf,2010,1a9
19935016,霭祁臧,男,13,电气工程及其自动化,杨振宁理学院,19624258288,eeobh,2008,5b7
19937647,红婵飘,女,13,集成电路设计与集成系统,挖掘机研究所,16424652585,mxkmw,2019,27b
20034473,仁元妍,女,6,软件工程,挖掘机研究所,34592341305,gvphs,2007,613
20046026,施彭茂,男,4,资源环境与城乡规划管理,新东方厨师学校,44022041514,jxaqo,2008,35a
20105611,燕湛健,女,4,集成电路设计与集成系统,新东方厨师学校,97515510490,wchyg,2018,913
20115996,琴竹力,女,10,电气工程与自动化,李政道学院,66821265128,hdgfo,2011,882
20191977,珠育元,女,16,生物医学工程,新东方培训学校,42137307607,mzbps,2018,79a
20212621,康成安,男,18,电子信息工程,中国科学院,23079175923,tsack,2013,3a4
20212853,福军昌,男,8,地质学类地质学,新东方厨师学校,96562529171,sckhg,2011,328
20213584,苑霭静,女,8,信息显示与光电技术,中国科学院,43663074043,vfyvn,2006,bc1
20300138,蓉尹吕,男,15,电气工程及其自动化,杨振宁理学院,56829538196,mgbkm,2014,a58
20535936,晶晓文,女,19,计算机科学与技术,篮翔智能研究院,44730968968,etgio,2006,213
20581971,媛秋卞,女,13,集成电路设计与集成系统,李政道学院,38321738300,koipv,2005,2a8
20726803,狄袁方,女,5,信息显示与光电技术,篮翔智能研究院,21917503941,gigzg,2014,68a
20905527,娥蕊良,男,10,通信工程,篮翔智能研究院,93453406555,qsxhs,2007,c14
20915037,米余秋,男,2,地理信息科学与技术,篮翔智能研究院,41443668310,zyqer,2014,138
20945175,伍菁乐,女,18,计算机科学与技术,杨振宁理学院,30256721658,deztp,2001,254
21013236,春潘富,女,8,通信工程,杨振宁理学院,99931843403,izlrw,2010,91b
21099824,孟昌酆,女,16,通信工程,中国科学院,18457362699,qexvi,2003,a76
21167114,新柔颖,女,18,天文学类天文学,李政道学院,79812434645,tlplv,2020,99c
21176510,莎静唐,女,6,地理科学类地理科学,李政道学院,37760123919,nqgrg,2016,561
21303875,贝娣珊,女,5,光源与照明,新东方培训学校,61006763744,rwkld,2005,a13
21400874,赵瑾素,女,17,影视艺术技术,挖掘机研究所,16804617745,gncsr,2009,691
21462907,潘珠青,男,16,地理信息系统,新东方培训学校,19048171723,yzzrh,2020,614
21464743,可荷嘉,男,16,自动化,中国科学院,31458426386,gbdri,2009,6a3
21600184,佳胜枝,女,4,软件工程,李政道学院,70436885657,ztpeh,2014,7b3
21617382,成娴陶,女,8,信息显示与光电技术,李政道学院,20149871165,rzzfu,2013,977
21645670,婉凤璧,男,9,生物医学工程,杨振宁理学院,91395058164,fhzdr,2001,1a9
21647486,飘金李,女,4,地理信息科学与技术,李政道学院,84759306523,ajjpn,2019,ac6
21865589,妍岚雪,男,14,电气工程与自动化,挖掘机研究所,79975470304,ebefe,2013,872
21885331,妹琴娅,男,8,电气工程与自动化,篮翔智能研究院,39272344971,iubap,2015,4a8
22148563,倩毕平,男,5,地质学类地质学,篮翔智能研究院,52203703613,gqdpl,2004,24c
22219570,刚汪爱,男,18,光源与照明,李政道学院,67519601507,fgedz,2000,3c7
22289960,杰酆琴,女,4,光源与照明,新东方厨师学校,44860232880,taovr,2000,792
22360998,天彬苗,男,8,集成电路设计与集成系统,新东方培训学校,53372961884,eoncx,2000,848
22394288,娴新黄,女,11,影视艺术技术,李政道学院,95788509590,uoynk,2005,349
22435401,唐枫明,女,11,地质学类地质学,篮翔智能研究院,53284307158,htplr,2009,c5a
22517844,全凤山,女,11,信息工程,挖掘机研究所,95618555410,blhrc,2002,1b8
22538306,清廉妍,男,17,电子科学与技术,李政道学院,73032736364,qieem,2015,238
22567383,琴康明,女,14,集成电路设计与集成系统,挖掘机研究所,86406036115,junpe,2008,7c1
22623555,荔雁玉,女,15,地质学类地质学,中国科学院,81188645872,eswbu,2009,925
22630500,芬子筠,男,9,资源环境与城乡规划管理,篮翔智能研究院,47337757989,ercfo,2010,49a
22687950,彬伊章,男,1,天文学类天文学,新东方厨师学校,50312042444,zzdts,2011,895
22835611,义飞秋,女,7,光电信息工程,中国科学院,86361842643,vaiqt,2019,aa8
22853617,波赵杨,女,18,网络工程,杨振宁理学院,41168433221,cvosd,2000,597
22926890,学吴萍,女,1,计算机科学与技术,李政道学院,62168858819,yfjpj,2017,935
23001789,勤钱仁,男,7,集成电路设计与集成系统,新东方厨师学校,34988840045,nkdel,2020,1c4
23018295,罗孔仪,男,15,影视艺术技术,新东方培训学校,46930402359,uubah,2002,28b
23063628,燕发纨,男,9,电气工程与自动化,挖掘机研究所,93764310965,vfxba,2005,45c
23084158,昌娣时,男,19,电气工程与自动化,新东方厨师学校,76625679470,rtsqq,2014,243
23397084,褚皮国,男,12,生物医学工程,李政道学院,17724493967,doixx,2008,124
23476149,珊龙清,男,8,电子信息工程,新东方厨师学校,27580308742,ggjts,2007,bc3
23531100,安馥芝,男,13,集成电路设计与集成系统,新东方培训学校,87760662168,pjxbc,2011,7b9
23641672,薇韩妹,男,7,信息工程,新东方培训学校,14388583077,geimo,2017,b16
23739979,璐眉晶,女,8,集成电路设计与集成系统,篮翔智能研究院,35902021177,ficbx,2005,749
24208739,翠凤美,男,7,网络工程,中国科学院,14065145346,amude,2016,ba1
24220014,毛秀欢,男,2,天文学类天文学,挖掘机研究所,79348203669,wmjwa,2014,25a
24383928,唐贞静,男,7,自动化,杨振宁理学院,63309710593,duiwq,2006,111
24592999,蕊娥飞,男,18,电子科学与技术,中国科学院,94510447238,wefos,2017,711
24607081,瑶晶吕,男,7,自动化,篮翔智能研究院,57841608989,lotmb,2019,274
24608569,皮萍玉,女,17,网络工程,李政道学院,87705623452,qpaka,2006,112
24751673,学璐海,女,1,通信工程,杨振宁理学院,87241138873,nytrr,2018,26a
24773876,育茜眉,女,3,通信工程,挖掘机研究所,29579064374,ckozv,2010,663
24775251,琦冯梅,男,11,资源环境与城乡规划管理,新东方培训学校,75361980340,mdkzn,2006,48c
24791770,秋李红,男,6,电气工程及其自动化,李政道学院,79727235833,vmbdt,2007,6c6
24884414,勇窦明,男,14,生物医学工程,李政道学院,44626647845,neeht,2006,cb5
24925531,潘秋珊,男,15,光电信息工程,李政道学院,65930577049,ajpiq,2011,123
25063098,中杰孔,女,9,地理科学类地理科学,李政道学院,54071474665,rxgcu,2020,543
25137603,苑璐璐,女,4,网络工程,篮翔智能研究院,87136721887,cmjxr,2018,1c1
25244977,明黄臧,女,14,电子科学与技术,李政道学院,78361791400,akaab,2002,b1b
25261572,强安茜,男,10,影视艺术技术,新东方培训学校,99196180273,itzoj,2008,ab9
25362235,子史倩,男,13,地质学类地质学,挖掘机研究所,94096697920,usmlr,2003,2ac
25369691,娟贞露,女,12,信息显示与光电技术,新东方培训学校,44897146692,hcboi,2013,787
25378297,毕凤洁,女,6,电气工程与自动化,新东方厨师学校,46673317951,ylqgq,2011,557
25404379,竹华姚,女,18,地球化学,杨振宁理学院,85445723364,jjtyw,2017,b9c
25413486,平飞子,女,7,计算机科学与技术,李政道学院,10991694392,sxbam,2001,8b3
25425939,凝袁郑,女,12,生物医学工程,杨振宁理学院,95105683281,hjcyw,2015,b8a
25513348,芳巧媛,女,12,集成电路设计与集成系统,李政道学院,36264152449,phgbf,2011,6bc
25558521,娣姜娅,女,5,地球化学,杨振宁理学院,27146964830,jjprf,2015,126
25687958,仁叶梅,男,14,电子科学与技术,中国科学院,39975675437,tosxm,2012,833
25957546,费安蕊,男,2,电子科学与技术,李政道学院,71032936339,mbdik,2015,798
25971072,文窦妍,男,4,天文学类天文学,挖掘机研究所,75293780490,gqdey,2013,b36
26063073,军枝燕,男,7,软件工程,李政道学院,79869072232,orgov,2018,a47
26167717,穆良燕,女,2,光电信息工程,篮翔智能研究院,18985527075,jfhaq,2014,5a9
26241930,卜飞娜,女,10,计算机科学与技术,李政道学院,27690375048,vudbk,2006,271
26253478,莲利霞,女,16,通信工程,李政道学院,16256405186,scvys,2000,c32
26280120,晓璧云,女,12,信息工程,杨振宁理学院,73995532112,wvrcx,2008,6b3
26348861,章清东,男,1,影视艺术技术,中国科学院,13078967141,voaik,2002,14c
26392354,赵光瑶,女,12,地理科学类地理科学,新东方厨师学校,79470356185,xkmlm,2010,936
26475340,彩欢珊,男,14,网络工程,李政道学院,97655565533,bodtb,2007,716
26491967,尤素清,男,3,自动化,新东方厨师学校,17778653249,towga,2006,498
26592796,祥郑玉,男,15,电气工程及其自动化,篮翔智能研究院,78595164387,kfxgd,2011,4b1
26719243,中爱黄,女,19,电子科学与技术,新东方培训学校,52776367335,hsfyj,2014,b8c
26754637,子范莺,男,6,光电信息工程,杨振宁理学院,13403277827,ukpit,2000,115
26765958,彩褚秀,女,17,集成电路设计与集成系统,挖掘机研究所,67750120306,wxdua,2011,a6c
26857451,富华尤,男,6,信息工程,李政道学院,66304879577,iigxl,2013,553
26885943,花钱婵,男,5,自动化,新东方培训学校,45840369986,amast,2003,878
27095179,娴萍佳,女,3,网络工程,挖掘机研究所,81820726297,avrnx,2007,9a9
27124990,姣许平,女,15,地质学类地质学,李政道学院,24280220753,bjcls,2017,519
27301672,世穆薇,男,2,地理科学类地理科学,杨振宁理学院,45647762284,xmaea,2001,a44
27480059,红义伟,男,1,信息工程,李政道学院,40269444208,gobip,2014,b35
27533960,英健何,女,15,电气工程与自动化,新东方厨师学校,69356840534,jqszu,2014,79b
27538621,世桂莲,女,15,光源与照明,新东方培训学校,21966194263,lhafn,2011,914
27554125,婉康纨,女,1,信息显示与光电技术,中国科学院,30176859986,ixjwd,2015,738
27609534,任荔蕊,女,18,地球化学,新东方厨师学校,16158163454,pgrqp,2003,14a
28060475,珍红新,女,18,光源与照明,李政道学院,80935034271,ugubl,2010,24c
28115771,宜赵元,男,8,地理信息系统,挖掘机研究所,42265008338,yvmgx,2000,a84
28283093,生傅学,男,4,软件工程,新东方培训学校,85664636906,vjrgt,2010,168
28451573,梅窦飞,男,3,地理信息科学与技术,中国科学院,29514232126,wlyba,2014,723
28591394,金顾怡,男,7,电子科学与技术,李政道学院,30951947681,unnqt,2015,276
28597610,凤平辉,男,2,自动化,新东方厨师学校,90767870511,mcpyg,2005,4a3
28712173,萧陈兴,男,10,网络工程,新东方培训学校,62885896295,ipnfc,2010,972
28725693,军英彭,女,19,信息工程,篮翔智能研究院,47871924868,beahd,2019,62a
29058676,时仁尹,男,18,地球化学,篮翔智能研究院,67585432217,rojis,2012,664
29216472,狄于毅,男,16,软件工程,篮翔智能研究院,69974189373,troql,2015,575
29354431,蓓佳欢,男,12,计算机科学与技术,挖掘机研究所,29562155017,zhzun,2002,c34
29373629,香黄琼,男,14,网络工程,挖掘机研究所,25100945768,pyjue,2000,874
29412593,月罗玲,男,2,集成电路设计与集成系统,新东方厨师学校,26228491411,apyvu,2020,238
29418751,娅毕保,男,12,软件工程,篮翔智能研究院,94840446376,mpijd,2013,276
29457528,朱锦倩,男,2,地理科学类地理科学,中国科学院,94661104575,hodwo,2012,644
29522279,琼滢强,男,10,电子信息工程,杨振宁理学院,98473751448,qfcqr,2008,c63
29586578,荷华米,男,9,地理信息科学与技术,中国科学院,42946694754,ibzbo,2019,7b3
29800561,梦婵岩,男,4,影视艺术技术,新东方厨师学校,35819818712,nupru,2008,21c
29824884,萍倪力,女,7,信息工程,挖掘机研究所,18422983671,odsxk,2010,556
29968976,汤齐蕊,女,2,信息工程,挖掘机研究所,26817632828,qzkae,2018,3b7
30098379,玲张慧,女,12,影视艺术技术,篮翔智能研究院,43485130852,emlim,2010,1a2
30176646,韩嘉香,女,5,网络工程,中国科学院,83231263276,stgkv,2001,252
30189504,璧滢凤,男,6,地理科学类地理科学,篮翔智能研究院,86820771242,wifin,2012,7ac
30235554,富子顾,女,11,电子信息工程,中国科学院,81097431442,ahftp,2014,c18
30303906,月平贝,女,7,影视艺术技术,新东方厨师学校,47199459706,nezkd,2004,a5a
30470065,娴郎茂,女,10,生物医学工程,中国科学院,27828089592,rzljz,2002,559
30621796,叶邬璐,女,1,自动化,新东方厨师学校,80516380840,ddlmu,2020,76b
30640987,佳妹薛,女,17,自动化,杨振宁理学院,12802575135,ijmjd,2018,56b
30669626,娟时臧,女,8,地质学类地质学,新东方厨师学校,58566531882,gkvui,2001,a9a
30712462,孙海蓉,男,2,信息工程,挖掘机研究所,99519606489,wzoge,2015,9aa
30735768,娟时郑,女,7,光源与照明,篮翔智能研究院,53948318619,hqjri,2003,c8c
30841586,国殷晶,女,4,地理信息科学与技术,挖掘机研究所,47918722275,czwvz,2013,c57
30941554,彩娥平,男,16,信息工程,挖掘机研究所,14616535218,hdpir,2015,c15
30982400,蕊常华,女,14,天文学类天文学,杨振宁理学院,70868375853,sbjvo,2010,a79
31033299,琴惠刚,女,18,软件工程,篮翔智能研究院,20511280939,vdgxs,2003,b12
31063689,琴梅殷,女,5,集成电路设计与集成系统,挖掘机研究所,28305429433,rjkzs,2014,3a8
31411853,飞富晓,男,10,信息工程,李政道学院,24172151435,zqrzo,2016,4a8
31492768,伟仪芳,男,18,软件工程,中国科学院,76948486455,rutzx,2017,59b
31526689,琳君玉,女,18,自动化,杨振宁理学院,96879488104,fghkr,2006,892
31559315,丹珊达,男,16,电子科学与技术,新东方厨师学校,34921743283,gszfi,2016,b34
31880184,吕元富,女,12,通信工程,新东方厨师学校,50025864142,vildg,2010,a16
32037099,芸君文,女,2,生物医学工程,中国科学院,74603939555,vnfii,2013,cc9
32262655,中晶倩,男,3,通信工程,篮翔智能研究院,91617764237,hocjv,2008,133
32307621,史汤苏,女,5,电子信息工程,李政道学院,45974001154,mtmsh,2016,a27
32465633,淑伊胜,男,3,电子科学与技术,新东方厨师学校,89893371482,rsnlt,2014,4a7
32623011,锦秋凝,女,17,地理信息科学与技术,中国科学院,84314164167,rqhap,2012,8b6
32633916,柏慧颖,女,15,集成电路设计与集成系统,新东方厨师学校,31665447706,hapks,2005,5b3
32772574,婷月韦,男,18,资源环境与城乡规划管理,新东方培训学校,26746428951,uudpf,2011,4bb
33134973,莉尤文,男,6,通信工程,李政道学院,59702311929,uairr,2013,397
33165428,彬芳菁,男,12,电气工程与自动化,篮翔智能研究院,67204242508,nonuk,2000,733
33193311,玉雅彩,男,2,电子信息工程,篮翔智能研究院,22687120491,kotqm,2015,829
33326634,环翠凡,女,16,自动化,新东方培训学校,29957182742,gqrkg,2005,b81
33387410,山珠余,女,2,天文学类天文学,新东方培训学校,18309542308,fchsj,2016,647
33565882,雅黄艳,女,17,自动化,中国科学院,39494837185,czxbk,2005,137
33759241,彭峰蕊,女,8,通信工程,篮翔智能研究院,76907785483,peykv,2016,b73
33762448,祁兴芝,男,6,网络工程,中国科学院,50473561796,hhzid,2020,412
33777555,富冯吕,男,10,通信工程,杨振宁理学院,26603157685,vonac,2016,577
33963491,尹媛瑾,女,8,信息显示与光电技术,中国科学院,33088091693,dwghr,2011,53c
34054191,平佳琼,男,16,软件工程,新东方培训学校,99831390075,fqkgs,2010,1ba
34093813,永卞佳,男,16,软件工程,李政道学院,61807454079,pkncw,2019,287
34177493,费时山,男,2,地球化学,李政道学院,93412742893,erwny,2009,666
34286126,素琦祥,女,1,生物医学工程,挖掘机研究所,63938982273,rwdyw,2009,884
34651496,伟袁亚,女,15,天文学类天文学,新东方培训学校,27487485148,hdhpr,2014,c74
34754309,全婉琳,女,10,电子信息工程,篮翔智能研究院,77798746919,wodte,2002,7c6
34768512,蓓郝晶,女,3,地理科学类地理科学,篮翔智能研究院,80771179108,ygwha,2011,378
34854005,姬姜朱,女,11,生物医学工程,挖掘机研究所,47553394198,qtamh,2003,815
34879546,褚唐雷,女,16,信息工程,新东方培训学校,59843196335,nhldt,2014,b54
35175934,杨米汤,男,6,计算机科学与技术,新东方培训学校,65228178110,brrhw,2006,272
35385893,卫云美,男,18,生物医学工程,篮翔智能研究院,42210010751,emehk,2013,93c
35763246,贝琦萍,男,17,地理信息系统,李政道学院,53685402863,xebmm,2001,a34
35767164,俊莲黛,女,15,信息工程,篮翔智能研究院,70301691581,cukhn,2011,c32
35785070,花福纨,男,13,地球化学,新东方厨师学校,97642895778,qqkto,2019,c92
35856109,文秀芳,女,19,地理科学类地理科学,中国科学院,98385642154,dgyys,2008,cb4
36004612,清俊姜,女,17,地质学类地质学,新东方厨师学校,78189154419,dcycw,2001,659
36023256,影顺力,女,11,影视艺术技术,篮翔智能研究院,19407465532,mndjs,2012,2b5
36028189,尤元枝,女,4,天文学类天文学,新东方厨师学校,44486622463,ysmqu,2014,4c7
36486303,卜国永,男,10,信息工程,挖掘机研究所,85838680319,jwzng,2014,c52
36578168,姜花学,男,13,信息工程,李政道学院,43324833664,mplgr,2008,4ab
36601405,国和海,女,10,计算机科学与技术,李政道学院,43463301793,xjcyd,2009,44c
36625357,吴洁淑,女,1,影视艺术技术,新东方培训学校,64888646155,hdfsg,2008,b82
36626988,珍廉姜,女,5,网络工程,李政道学院,97124448868,gafzh,2006,6b5
36641388,蓉伟史,女,10,电气工程及其自动化,李政道学院,32899512097,xdzad,2007,6b9
36686844,达龙昌,男,6,生物医学工程,中国科学院,86182589135,vxgak,2000,c34
36845843,婉胜美,男,5,天文学类天文学,新东方厨师学校,75959476372,eoplb,2016,324
36980219,富筠卫,女,18,网络工程,新东方厨师学校,26914026750,ijwpi,2014,214
37266256,艳璧戚,女,5,电子信息工程,新东方厨师学校,26530406879,tnbjw,2005,227
37577046,锦贝雅,女,17,电气工程及其自动化,中国科学院,25342284110,nvqkr,2019,93c
37691527,俊陈菁,女,13,影视艺术技术,李政道学院,52807461376,uuljn,2012,8a6
37737959,薇王苗,男,14,信息显示与光电技术,挖掘机研究所,85365157098,kbdis,2018,446
37745368,米皮清,女,4,软件工程,新东方培训学校,98031739489,bmdka,2012,9ac
37918008,和青琦,男,11,影视艺术技术,李政道学院,36991629406,epwan,2002,939
37944561,红水蓉,男,8,自动化,杨振宁理学院,28387038010,tcjeo,2004,7cc
37954355,芝新珍,女,12,自动化,杨振宁理学院,30705143129,xnsin,2000,671
38191004,光柏俊,女,9,影视艺术技术,新东方厨师学校,62254199659,xuodo,2000,51b
38528897,臧琴海,男,12,生物医学工程,挖掘机研究所,35857950132,jcylk,2017,116
38529402,张叶元,男,14,地理信息科学与技术,李政道学院,12452114289,qfnkn,2004,b33
38795163,蓓彩周,男,5,信息显示与光电技术,中国科学院,21999527509,tvaat,2011,471
38829236,东辉菲,男,9,资源环境与城乡规划管理,新东方培训学校,49299194236,anqbl,2000,648
38838217,云秋璐,男,3,电子信息工程,中国科学院,62678420966,zqppi,2003,656
38985551,莎蓉妍,女,9,信息工程,中国科学院,63845126069,vnstb,2017,b2b
39019182,曹王清,男,15,电气工程与自动化,李政道学院,91936288948,rbqji,2010,339
39051402,春惠乐,男,12,信息工程,李政道学院,13920433179,dogbj,2008,13c
39074596,娴荷陈,男,2,集成电路设计与集成系统,中国科学院,84281629632,ugyop,2000,c65
39127815,岚水琴,男,11,集成电路设计与集成系统,篮翔智能研究院,94834267180,sgaec,2020,ac2
39183412,杰勇黛,男,7,地理信息科学与技术,中国科学院,33781618960,drmvd,2002,261
39211300,媛玉齐,男,11,地理信息系统,李政道学院,40636681069,zqajw,2010,551
39296572,云菲寒,女,11,地理信息科学与技术,李政道学院,86943038473,ntxww,2009,b55
39513492,怡秀莺,男,19,软件工程,新东方厨师学校,88598579231,vqwyg,2004,817
39525361,冯雁香,男,7,地理信息科学与技术,篮翔智能研究院,87880271938,tpdnw,2004,b99
39562091,何潘和,男,10,地理科学类地理科学,挖掘机研究所,99243952535,nzzdy,2012,873
39625266,余海燕,女,5,软件工程,篮翔智能研究院,72432548261,fefng,2014,915
39853427,和倩英,女,2,光电信息工程,新东方培训学校,18825750913,ndixd,2017,a26
39960191,唐方瑶,男,4,软件工程,新东方厨师学校,82248459789,bfbby,2007,2cb
39967646,枝勤皮,女,6,地理科学类地理科学,新东方培训学校,63324727277,eoqfi,2015,785
39990921,玉思影,女,13,集成电路设计与集成系统,新东方培训学校,93244299583,ibbeh,2010,34b
40021559,贺志王,男,18,电气工程与自动化,新东方培训学校,80406093332,dqako,2000,998
40425825,眉芳勇,男,14,信息显示与光电技术,挖掘机研究所,81409182164,plxhf,2012,b41
40473288,时东廉,女,10,软件工程,杨振宁理学院,20696543510,vhdgj,2017,a63
40521437,茜卜柏,女,3,天文学类天文学,杨振宁理学院,81161900326,bcfnx,2017,588
40711722,马荣魏,女,4,影视艺术技术,新东方培训学校,86397984277,urqum,2019,9ac
40807205,章廉仪,女,2,地理科学类地理科学,李政道学院,11753754114,tbhyw,2020,179
40908978,婷清许,男,5,光电信息工程,篮翔智能研究院,84972560777,fofzd,2006,653
40909943,成飞郑,男,9,地理信息科学与技术,新东方厨师学校,30120534043,qnhvc,2004,638
40917520,黄黛海,男,14,地理科学类地理科学,杨振宁理学院,69047828377,oisvj,2000,636
41060647,雅志刚,男,19,软件工程,杨振宁理学院,10750220967,rnlpv,2005,c86
41068586,姜廉郝,男,12,信息工程,新东方厨师学校,81521001904,vqdli,2010,48b
41077624,罗孟严,女,2,地理信息科学与技术,李政道学院,29469329012,zixgu,2000,9a3
41090586,明凤康,女,19,地理科学类地理科学,中国科学院,85297262661,tapjs,2008,487
41184861,军新东,女,15,资源环境与城乡规划管理,中国科学院,86451911298,uofrn,2013,bb3
41237248,雅钱仪,女,9,地理科学类地理科学,新东方培训学校,41034434995,orenv,2010,124
41329283,凡娣芝,女,19,电气工程与自动化,挖掘机研究所,76869855270,mndya,2004,1b1
41466666,瑶瑞可,女,9,地理信息系统,杨振宁理学院,75710606222,gjtci,2005,c75
41467034,邬祁鲁,女,7,软件工程,篮翔智能研究院,76981453408,rdyoh,2008,538
41644471,马周洁,男,15,计算机科学与技术,新东方培训学校,60475055891,nhiql,2003,13a
41661227,罗岑许,女,13,光电信息工程,篮翔智能研究院,41055464896,emfxh,2003,292
41665814,思娜玉,女,15,光源与照明,李政道学院,47613624124,tsphk,2020,4c8
41735622,淑郎岩,女,10,影视艺术技术,挖掘机研究所,16834291492,lokfu,2014,231
41780315,瑾禹伟,女,4,资源环境与城乡规划管理,中国科学院,33013827872,ufqhr,2006,941
41808167,彭晓青,男,12,生物医学工程,新东方培训学校,15352910750,unjls,2010,9a7
41928572,殷郝永,男,1,信息显示与光电技术,新东方培训学校,30674494769,aninl,2016,aba
42033894,梅璧月,男,2,电子科学与技术,篮翔智能研究院,83367338871,wqlep,2004,577
42034007,武伊尤,男,1,自动化,李政道学院,11351022878,cinlo,2005,856
42111098,娟平才,男,12,自动化,中国科学院,10834939713,lbhun,2009,951
42183888,红爱雷,男,10,光源与照明,篮翔智能研究院,95433118657,chjil,2005,1cc
42310466,信毅娟,男,16,集成电路设计与集成系统,新东方厨师学校,41293927321,qvuyo,2016,49c
42500495,狄娣娥,男,18,信息工程,新东方培训学校,66046592792,sbrln,2020,95c
42694038,妹郑中,男,11,集成电路设计与集成系统,新东方厨师学校,41564342971,zxgwh,2013,989
42724412,义岩曹,女,7,信息工程,中国科学院,44300280624,vylrx,2009,577
42726962,寒怡兰,女,18,网络工程,杨振宁理学院,48065021548,lhimz,2001,268
42890177,琦清潘,女,8,电子信息工程,李政道学院,99786705325,ewajy,2014,58c
42951736,丹周月,男,19,计算机科学与技术,挖掘机研究所,68115722912,hduwa,2018,27b
43009926,史姣方,女,19,网络工程,中国科学院,89386124184,hghay,2014,c66
43029871,福飞曹,女,16,电子信息工程,杨振宁理学院,56726557591,uebal,2013,a64
43051053,窦凤郎,女,17,生物医学工程,杨振宁理学院,56926293525,lsfno,2016,c2c
43061775,仪薛月,女,13,自动化,挖掘机研究所,96216106051,zwzma,2018,464
43074388,秋涛媛,男,4,地球化学,新东方培训学校,15931081474,cedbl,2007,742
43195395,许费赵,男,1,地理信息系统,挖掘机研究所,53187716453,fzqip,2013,892
43288303,妹菁健,女,3,信息显示与光电技术,篮翔智能研究院,53236611590,lmosw,2003,a46
43544096,慧中顺,女,17,生物医学工程,杨振宁理学院,92852652735,uxzeb,2012,53a
43651692,丹冯欢,女,10,影视艺术技术,李政道学院,44527734136,voxsl,2017,acc
43921049,卫喻黄,女,14,计算机科学与技术,新东方厨师学校,50725653938,jeqlz,2005,643
44035032,瑞严义,女,12,地质学类地质学,挖掘机研究所,76778023632,lrsrp,2012,b25
44080545,狄凡可,男,13,信息工程,新东方培训学校,55179561274,ygaiu,2020,ac9
44093187,素赵俞,女,2,电气工程及其自动化,篮翔智能研究院,99008560379,dngwk,2013,ca8
44188980,唐吴魏,女,17,信息工程,新东方培训学校,55950824812,udrnw,2016,642
44252778,明丽娴,女,9,计算机科学与技术,挖掘机研究所,73984666856,leosr,2010,a13
44262562,蓓达莎,男,8,信息显示与光电技术,新东方培训学校,90555502822,yvtwf,2011,4a2
44392923,瑾卫苗,男,5,地球化学,新东方厨师学校,29745473236,gwqhk,2005,3a8
44503539,昌思筠,男,5,天文学类天文学,挖掘机研究所,28400417461,diknr,2018,b59
44631123,彭娟军,男,12,网络工程,杨振宁理学院,17957530164,bpzll,2004,85b
44808892,霄岑元,女,6,影视艺术技术,新东方培训学校,95863373906,anttl,2019,b11
44852921,彭晶毅,男,8,资源环境与城乡规划管理,挖掘机研究所,22850339289,qjwmy,2017,b13
44957541,明沈璐,女,10,电子信息工程,中国科学院,32991820939,jkxhn,2008,683
44962626,飞锦芳,男,19,电子信息工程,新东方厨师学校,18761998056,hoiud,2013,72a
44980832,茜荷姣,女,18,生物医学工程,新东方培训学校,89632380519,vheya,2005,2c5
44995034,曹霄明,女,10,通信工程,挖掘机研究所,63529169829,ytsof,2008,7a5
45141465,惠学薛,男,16,电子科学与技术,杨振宁理学院,28658063794,byfyo,2018,855
45215105,凤雪美,女,14,地球化学,挖掘机研究所,45368806939,ottvp,2009,9c2
45305393,姬美戚,女,17,电气工程及其自动化,新东方培训学校,16035776310,dnnld,2015,3a2
45359970,湛琦荣,女,10,光源与照明,李政道学院,62048985134,fzqin,2008,b1a
45488325,枝王翠,男,4,地理信息科学与技术,挖掘机研究所,71230560128,ozjfn,2007,127
45515009,琼伍安,男,12,天文学类天文学,挖掘机研究所,26897973340,exmce,2017,c75
45596770,晓祥韩,女,4,电子信息工程,李政道学院,70696460219,gmviu,2000,c69
45635379,萍倪姚,女,11,软件工程,篮翔智能研究院,70860633638,nnaar,2015,721
45638695,李李清,女,17,电气工程及其自动化,杨振宁理学院,69257955787,bioef,2008,418
45675773,信和学,男,19,自动化,中国科学院,49097733939,hethw,2012,9c3
45889623,贞瑞何,男,7,光电信息工程,新东方厨师学校,66965543843,ontwk,2004,476
46119201,荣苏可,女,6,软件工程,新东方培训学校,77024279808,uifns,2007,3c6
46209379,保秀娥,男,15,地理信息科学与技术,挖掘机研究所,60573228098,tujcu,2019,411
46315300,王娅颖,女,1,天文学类天文学,新东方厨师学校,43668427991,fzvjc,2012,ac6
46319340,波尹兰,男,10,自动化,新东方厨师学校,99339056412,knjuo,2003,a87
46347327,任爱生,女,17,光源与照明,李政道学院,41719620314,fltzr,2020,11a
46500406,桂余环,男,5,计算机科学与技术,篮翔智能研究院,53262797366,epxfy,2019,71c
46559397,秋才秀,女,7,信息工程,新东方厨师学校,41461794049,znrai,2010,922
46577954,瑾蕊佳,女,6,计算机科学与技术,李政道学院,99952446936,hhptb,2007,866
46676360,水彭涛,男,5,电气工程与自动化,李政道学院,81596833126,ntcmg,2001,75b
46680615,滢贺月,女,4,光源与照明,新东方培训学校,45365235143,kptfr,2000,a17
46710490,荣娣元,男,10,集成电路设计与集成系统,篮翔智能研究院,86217345318,lefpm,2000,142
46743123,信刚静,女,16,地质学类地质学,中国科学院,39677125433,fgoph,2008,b55
46864483,康兴时,女,16,通信工程,李政道学院,58066052624,bpdtt,2004,3c8
46891854,兰康华,男,14,光电信息工程,杨振宁理学院,92226167057,uukkt,2000,243
46922190,璧峰珊,女,12,光电信息工程,新东方培训学校,41147283179,gybgt,2014,5bc
46962298,滕岩枝,女,5,地质学类地质学,杨振宁理学院,99455456331,pqhww,2010,749
46993270,永峰薇,女,12,资源环境与城乡规划管理,李政道学院,28129065653,xlxxe,2003,37a
47329525,黄严娴,女,2,计算机科学与技术,杨振宁理学院,92205476225,fnquv,2016,b84
47464532,筠娜宜,女,18,电气工程及其自动化,新东方培训学校,83585591554,pjsxp,2013,6a8
47579058,仁安海,男,13,网络工程,李政道学院,36461820178,ftrri,2006,35c
47797553,莎亚琦,男,15,地质学类地质学,新东方培训学校,15150121038,dazuy,2010,6c8
47826436,荷天姜,女,14,光电信息工程,篮翔智能研究院,50243098421,frzau,2009,18c
47904611,义鲍枫,男,11,生物医学工程,新东方培训学校,76499048347,faxai,2014,853
48026507,玉卜珊,女,14,地质学类地质学,新东方培训学校,83252630782,jarwj,2011,31b
48115770,米时佳,男,16,电子科学与技术,新东方厨师学校,54637106006,dxniy,2009,864
48211807,娅娣妹,男,1,光源与照明,新东方厨师学校,53843691481,nmbof,2019,aa5
48313290,金云勇,男,1,电气工程及其自动化,新东方培训学校,59555288006,ypykg,2011,956
48372770,寒鲍顾,女,4,光源与照明,李政道学院,36411168503,hcvss,2003,8bb
48405235,鲍武清,女,17,光电信息工程,杨振宁理学院,22203447114,bsysl,2004,591
48446661,湛刚陈,男,5,电子信息工程,杨振宁理学院,55701101111,wdpiz,2009,a61
48510108,秀臧水,男,10,软件工程,新东方培训学校,38282702450,fetus,2004,bac
48557577,娣葛妹,男,14,集成电路设计与集成系统,中国科学院,52978346883,ydwcw,2011,7a5
48565071,苗任竹,男,8,地质学类地质学,李政道学院,88129662775,aapnt,2010,bc6
48601757,柔范谢,女,3,电气工程及其自动化,篮翔智能研究院,54747097490,bapsg,2005,638
48648730,纨莲余,女,11,通信工程,李政道学院,19501194629,ojhth,2014,572
48649890,郎卞瑾,女,11,电子信息工程,挖掘机研究所,40195060613,vsjgm,2016,592
48653295,施洁邵,男,18,地理科学类地理科学,新东方厨师学校,13283631972,ldcne,2018,981
48783071,瑶喻婷,女,11,光源与照明,中国科学院,25224847478,srgsb,2006,b7b
48835627,苏毛琼,男,10,影视艺术技术,李政道学院,43759161528,thddg,2013,794
48842633,新雁鲍,女,16,地理信息系统,新东方培训学校,96645577114,awanb,2001,aac
48978812,妍黛秋,女,12,生物医学工程,挖掘机研究所,29308142751,qvlgy,2011,453
49240007,毅菲瑾,女,11,地球化学,新东方培训学校,43322411005,dqinu,2006,116
49384463,秦尹汪,男,4,通信工程,杨振宁理学院,64164025664,oqavg,2004,aac
49564562,章婷顾,女,11,电子信息工程,挖掘机研究所,76477468978,wrmqw,2009,35b
49575541,璐金影,男,6,地理信息系统,中国科学院,52924795701,maglj,2001,c81
49651345,山喻秀,女,13,集成电路设计与集成系统,李政道学院,25060579695,yptlr,2001,169
49681201,秀余佳,女,16,电气工程与自动化,挖掘机研究所,35135036824,bqvuc,2020,a45
49801255,萧姣顺,男,14,地理信息系统,中国科学院,85984036722,eksns,2013,142
49905069,梦茜枝,男,1,地质学类地质学,杨振宁理学院,35602905382,ffjtd,2012,b55
49930680,雅力岩,女,15,资源环境与城乡规划管理,新东方厨师学校,15947245962,mefew,2001,cc2
49974228,春乐唐,女,12,光电信息工程,李政道学院,95140648601,zajtt,2001,237
50084097,丽柔颖,女,12,集成电路设计与集成系统,杨振宁理学院,27750598182,pkerg,2014,47a
50179786,汤朱乐,男,7,光电信息工程,中国科学院,31825170218,dprgu,2014,a22
50216770,苏亚静,男,5,地理信息科学与技术,篮翔智能研究院,46830580315,xwkda,2000,c52
50339216,岩丽霄,女,3,电气工程及其自动化,杨振宁理学院,21161161754,iadil,2001,947
50373860,珍芸环,女,15,地理信息科学与技术,杨振宁理学院,71921172801,atzwa,2010,158
50458864,华瑶余,女,8,地质学类地质学,中国科学院,35396098947,ehhdt,2008,626
50527251,梦云安,男,19,光电信息工程,挖掘机研究所,81218339040,cvumf,2001,78c
50554965,华安君,女,5,地理信息系统,李政道学院,86590696682,lpyxc,2019,456
50562929,颖东东,女,6,光源与照明,新东方培训学校,24545297771,yebyo,2007,a25
50887847,娴涛奚,女,19,电子信息工程,新东方培训学校,93074654629,yjfzc,2016,982
50921140,方永秀,女,6,自动化,中国科学院,86144359184,qjoat,2001,b97
51046123,邹达福,男,8,地理信息系统,新东方厨师学校,40832854429,lnynx,2002,341
51208835,姣钱莲,男,7,电气工程与自动化,新东方培训学校,77685430794,yyefs,2014,554
51248204,娜费怡,女,10,资源环境与城乡规划管理,中国科学院,35582127449,eqecx,2015,b19
51267634,韩孔芝,女,3,集成电路设计与集成系统,篮翔智能研究院,36153328575,vomwp,2020,886
51312785,水宜勇,女,2,通信工程,新东方厨师学校,22229993474,excop,2000,645
51347873,萧才颖,女,6,生物医学工程,篮翔智能研究院,83478116433,tijrf,2016,939
51401339,琳莺姣,男,1,资源环境与城乡规划管理,篮翔智能研究院,87885822522,ifdxk,2017,6b9
51590306,璧水菊,女,16,电气工程及其自动化,中国科学院,76694979843,qhpeo,2003,8b3
51603048,吴汤雅,男,9,集成电路设计与集成系统,挖掘机研究所,76135740256,ajvvf,2018,c98
51629982,思秀娜,女,9,资源环境与城乡规划管理,新东方培训学校,73910408599,tgfzv,2010,9bc
51640016,福窦辉,女,13,自动化,新东方培训学校,45340342376,jxakb,2013,387
51801022,珊英湛,男,5,光电信息工程,杨振宁理学院,28258489602,asraj,2005,894
51804786,凡静明,男,15,电气工程与自动化,新东方厨师学校,16505745749,wvnqw,2015,5bc
51839230,李霭枝,男,14,电气工程及其自动化,新东方培训学校,24392616253,vrcra,2000,78b
51994847,唐时谢,男,15,自动化,李政道学院,27949570291,dlsul,2000,6c3
52445676,刚勇郎,男,9,自动化,李政道学院,32050546458,dfckc,2018,843
52467296,全雷婷,男,10,光电信息工程,李政道学院,82008936575,uzopn,2013,617
52594436,欢茜璐,女,4,地质学类地质学,杨振宁理学院,61421824050,xrijn,2019,b4a
52619003,戚祥雷,男,19,自动化,挖掘机研究所,81655783277,rmkcy,2002,917
52670889,韦邬凤,男,16,信息工程,篮翔智能研究院,72519897419,bhxss,2010,2c8
52692111,香荷卞,女,8,光电信息工程,中国科学院,47253290115,zhpxc,2007,c28
52694570,贺丽郑,女,10,光电信息工程,李政道学院,97349058378,somov,2020,185
52885803,陈莺任,男,13,电气工程及其自动化,新东方厨师学校,85500814026,scszw,2007,ac2
52906194,梅香佳,男,4,自动化,挖掘机研究所,83350513871,brdyo,2003,b95
53027320,素雪姣,女,1,天文学类天文学,杨振宁理学院,97500549276,nixfe,2002,44b
53432289,雁茂蓉,女,1,电气工程与自动化,新东方厨师学校,30098718890,xgqgx,2019,317
53480884,施婵达,女,7,集成电路设计与集成系统,新东方培训学校,68269957494,kwmfh,2017,692
53628421,勇才筠,男,8,电气工程及其自动化,杨振宁理学院,72729270298,zxnys,2020,851
53687397,皮岚玲,男,19,电子科学与技术,挖掘机研究所,61623701056,jrczh,2017,887
53773994,保育飘,男,17,电气工程及其自动化,新东方培训学校,60812755344,nmdhq,2010,a3b
53881363,廉梅平,女,1,地理信息系统,杨振宁理学院,69589704156,szrbi,2001,351
53929860,中贵蓓,男,9,电气工程与自动化,杨振宁理学院,67330900617,sckfu,2006,a78
54065538,胜育亚,男,17,影视艺术技术,杨振宁理学院,41810699541,alims,2009,873
54106510,吴郑丽,女,16,网络工程,李政道学院,23228526055,slxdb,2007,8b5
54135394,娅瑾竹,男,7,网络工程,李政道学院,37090544763,krjil,2000,582
54397956,云秀廉,女,19,地理科学类地理科学,李政道学院,45323023031,wfmvj,2012,ba6
54432267,真海姜,男,5,生物医学工程,新东方培训学校,31728447215,hwfhh,2008,c52
54448842,美安香,男,4,软件工程,挖掘机研究所,73063638897,cpgqx,2017,665
54586464,环鲁珍,女,10,电气工程及其自动化,新东方培训学校,10551840774,fwodc,2010,1c4
54593550,兴梦生,男,11,影视艺术技术,中国科学院,97412011772,qpoqd,2018,8bc
54634549,苑花馥,男,1,资源环境与城乡规划管理,杨振宁理学院,18504912093,unjse,2008,cb2
54642874,安露瑾,女,19,信息工程,新东方培训学校,31781858832,hwxhk,2004,31c
54834236,可周卫,男,7,地质学类地质学,新东方培训学校,81212162499,sykco,2018,618
55156661,窦菊珊,女,9,天文学类天文学,中国科学院,28920379029,labex,2002,7b9
55176029,静吴力,男,12,电子信息工程,杨振宁理学院,65952215916,zwdho,2013,27b
55257387,发乐吴,男,4,资源环境与城乡规划管理,杨振宁理学院,65399628352,qozcy,2018,145
55269332,良育姚,女,2,集成电路设计与集成系统,挖掘机研究所,86132906446,wzkrb,2015,b46
55299453,安娟丹,女,1,地质学类地质学,新东方培训学校,28573419372,frtco,2013,379
55588131,寒戚玉,男,17,地理科学类地理科学,新东方培训学校,89617623510,ixjzu,2006,562
55662836,方曹妍,女,13,计算机科学与技术,新东方厨师学校,72701525448,dnomf,2020,92b
55902390,娅霞玲,男,4,资源环境与城乡规划管理,李政道学院,57372263461,hxbkm,2013,cb3
55906349,娜珊尹,男,7,天文学类天文学,新东方培训学校,87002585686,ueyoq,2002,65c
55978711,卜辉苗,男,15,资源环境与城乡规划管理,杨振宁理学院,10071995909,kktit,2014,28b
56043928,嘉余荣,女,6,生物医学工程,新东方培训学校,96282517549,rlfin,2004,778
56174344,方蓓狄,男,14,地理信息系统,李政道学院,55386843504,flewf,2018,833
56175198,军莉荣,女,12,电气工程及其自动化,挖掘机研究所,42075317808,wftng,2011,323
56199984,汤媛雷,女,15,天文学类天文学,李政道学院,13289166831,oqfwt,2019,5b1
56211126,黄张芝,男,19,地质学类地质学,新东方培训学校,19204198728,qbpnw,2005,837
56214245,祁施菲,男,12,生物医学工程,中国科学院,31327580311,tflqo,2005,94c
56232670,琦云苏,男,5,网络工程,中国科学院,77898564910,lidir,2009,99b
56292189,滕娅安,男,12,光源与照明,中国科学院,42389762346,wvypc,2003,a68
56324839,东菁燕,男,8,通信工程,杨振宁理学院,90552974570,glbpo,2017,15b
56626936,花康张,女,3,光源与照明,新东方培训学校,24436083808,pjabu,2016,72c
56732246,倪秦明,男,6,自动化,李政道学院,61011892476,cpkyg,2002,c79
56839994,戚嘉傅,女,6,地理信息系统,挖掘机研究所,72112053625,yhbxf,2014,86c
57127973,力瑾邵,女,16,信息显示与光电技术,新东方厨师学校,91582976745,jecev,2019,cc8
57128329,姬晓尹,女,4,地理信息系统,挖掘机研究所,78671071067,szpvi,2010,53a
57129079,伍翠荔,女,1,光电信息工程,中国科学院,65845223136,sokgl,2012,145
57130411,顺蒋芳,男,5,计算机科学与技术,新东方厨师学校,43080693150,tbolq,2011,53a
57174281,志谢贵,男,16,计算机科学与技术,杨振宁理学院,23291257961,eekmk,2003,b68
57262631,昌华齐,女,3,天文学类天文学,李政道学院,13558383525,lnaqu,2006,c13
57403427,枝柳仪,女,8,计算机科学与技术,李政道学院,79462105280,dequf,2014,5c1
57467601,米祁生,女,19,地理信息系统,篮翔智能研究院,91818037891,hnfsc,2003,ca7
57536412,冯倩荔,女,19,生物医学工程,篮翔智能研究院,43814930721,olsoz,2005,47c
57645959,可海金,女,10,地球化学,李政道学院,20194604092,ywkul,2008,2c6
57675282,皮义葛,女,17,资源环境与城乡规划管理,新东方厨师学校,12167923544,yvudw,2002,683
57708863,中尹秀,男,17,通信工程,李政道学院,78144856730,tqfsw,2006,1a6
57716178,颖柳子,男,9,集成电路设计与集成系统,新东方培训学校,48126891165,almlx,2018,6c4
57723796,顺傅可,女,11,影视艺术技术,新东方厨师学校,29466098065,cygrw,2007,758
57807334,和洁凝,女,17,地球化学,杨振宁理学院,64678990026,hfofx,2020,22c
57832846,廉琴黄,男,9,生物医学工程,中国科学院,84110602358,ooalj,2005,286
57881587,淑杰袁,男,2,电气工程及其自动化,挖掘机研究所,21257416337,kxlsu,2005,338
57938464,璧菁柔,男,7,地理科学类地理科学,新东方培训学校,75101405498,uxjtk,2010,496
58031068,余婵滕,男,6,自动化,中国科学院,16587105761,tuqht,2012,48c
58108166,洁霭章,男,15,光电信息工程,新东方厨师学校,68580490905,zrrck,2002,445
58109605,孟滢伊,男,17,网络工程,挖掘机研究所,24787733905,mekrw,2013,9c9
58206058,和俊辉,女,3,信息显示与光电技术,新东方培训学校,53915841771,lpykw,2005,c9a
58226211,袁瑾米,男,5,网络工程,篮翔智能研究院,14078760959,vgwml,2015,8a2
58310869,窦保袁,女,6,电子信息工程,新东方培训学校,71151263764,pyfxu,2014,885
58377552,妹傅姜,女,14,天文学类天文学,新东方厨师学校,92474677125,scrts,2001,c47
58497730,鲍飘廉,男,1,电气工程及其自动化,杨振宁理学院,28522879650,wedfs,2004,1a4
58715726,殷青罗,女,2,地球化学,中国科学院,85321757267,trtcg,2016,919
58778511,茂凤倩,女,13,电气工程及其自动化,杨振宁理学院,51889495056,tkyec,2010,1a8
58814042,莲珍陈,男,4,生物医学工程,挖掘机研究所,79982032464,czvba,2004,5c3
58837595,勇沈文,男,6,天文学类天文学,李政道学院,42274512530,lrtnn,2010,24a
58875260,媛宁利,男,5,通信工程,杨振宁理学院,85464491940,ihbji,2014,85b
58916202,孔贵潘,男,2,信息显示与光电技术,篮翔智能研究院,17931748888,bhnle,2013,487
59332364,爱褚美,男,2,资源环境与城乡规划管理,新东方厨师学校,94842905168,amsdh,2007,7aa
59552357,琦东莺,男,13,地理科学类地理科学,新东方培训学校,32167497095,lhoik,2003,ac5
59582292,秋生祁,男,9,地理科学类地理科学,挖掘机研究所,87813542854,gpcze,2009,5ca
59626708,臧卫鲍,女,19,通信工程,篮翔智能研究院,52554882681,euwfk,2018,188
59738083,信卫春,女,11,生物医学工程,杨振宁理学院,82104803652,ftbyy,2002,938
59758137,菁光桂,女,1,天文学类天文学,新东方培训学校,74390442969,xyuae,2001,a81
59794196,武婵章,男,10,资源环境与城乡规划管理,篮翔智能研究院,13006553526,karsb,2000,115
59864404,袁荷莺,男,6,电气工程与自动化,杨振宁理学院,67092139119,cwbvk,2018,637
60242465,雷曹康,男,17,光源与照明,新东方厨师学校,54103715240,yfnqy,2007,a9a
60337383,蕊袁丽,女,12,影视艺术技术,新东方培训学校,45072856978,smszs,2017,238
60361258,雷金蕊,女,19,光电信息工程,李政道学院,91410988518,muewo,2007,6a5
60458166,婷常中,女,17,通信工程,李政道学院,31602703667,hsicw,2007,2aa
60582489,兴胜李,女,9,电子科学与技术,篮翔智能研究院,10919545858,srtyb,2018,c93
60649248,费全岚,女,17,信息工程,挖掘机研究所,86390530015,aawma,2012,689
60669270,冯云育,男,1,信息显示与光电技术,杨振宁理学院,83847447356,dafgp,2020,166
60794309,琳仁东,男,10,信息工程,杨振宁理学院,65873355346,mgxep,2003,435
60794732,涛唐袁,女,6,地质学类地质学,李政道学院,62835714863,xfzuu,2006,385
60829401,滢英元,女,6,软件工程,中国科学院,32433879919,foqgb,2017,b8c
60980724,淑秀明,男,3,地质学类地质学,篮翔智能研究院,12551843764,mzpke,2019,3a4
61181092,光菊筠,男,13,网络工程,李政道学院,78520132054,jsykf,2019,61c
61186944,于蕊颖,男,12,天文学类天文学,新东方厨师学校,58734186954,vfzgv,2001,13a
61372203,陈祥苑,女,6,生物医学工程,新东方厨师学校,81650924652,afbkq,2001,13c
61555733,花武琴,男,13,信息显示与光电技术,新东方厨师学校,90747587330,bxviv,2019,255
61613571,岩峰周,女,10,影视艺术技术,李政道学院,57836339908,wmyji,2001,895
61663862,嘉瑞霞,男,4,地理信息科学与技术,新东方厨师学校,40219979599,dhcof,2020,123
61878620,涛保时,男,19,自动化,杨振宁理学院,49491990831,ctwqo,2007,656
61880294,梦祁梦,女,11,天文学类天文学,新东方培训学校,56488564472,gwfbb,2019,312
61907349,琳严茂,男,14,地球化学,新东方培训学校,36051893838,mgiud,2012,853
62029499,真乐琼,男,19,电气工程及其自动化,新东方厨师学校,69178057719,jqhdj,2002,424
62064473,方安茂,女,14,信息工程,李政道学院,40502876056,ubmkz,2013,961
62066413,倩莲中,男,3,信息显示与光电技术,挖掘机研究所,86398363809,jzlqk,2013,7a8
62096002,环晶姚,男,4,地理信息科学与技术,挖掘机研究所,88939619900,idifd,2005,767
62150315,达常玉,男,12,电子信息工程,篮翔智能研究院,68440167608,uocvp,2016,9b8
62309298,雷福珍,男,15,集成电路设计与集成系统,中国科学院,43699257948,hsvib,2005,5a1
62334190,凡锦昌,男,4,计算机科学与技术,新东方培训学校,13311317705,uxdck,2013,44c
62361202,倩璐琦,女,3,电气工程及其自动化,新东方厨师学校,52282731471,txajs,2001,959
62466563,褚琴薇,女,13,计算机科学与技术,李政道学院,62427623036,vjnvh,2016,529
62472196,淑珊宁,女,17,信息显示与光电技术,李政道学院,35175908158,plinb,2001,a89
62502067,唐瑾珠,女,12,光源与照明,新东方厨师学校,80309976621,rcrdq,2017,693
62521358,康慧伍,女,3,电气工程及其自动化,杨振宁理学院,40878596506,ceanm,2019,3b1
62932771,晓星昌,男,4,计算机科学与技术,篮翔智能研究院,23975847239,ycoao,2018,976
62989772,蒋丽义,男,17,生物医学工程,挖掘机研究所,12504835455,nlghd,2019,3ba
63027781,杰许苑,女,9,生物医学工程,中国科学院,25770305127,mjpfn,2007,16a
63080038,柳仪春,男,8,地理科学类地理科学,新东方培训学校,21086077129,uxnee,2003,2cc
63159572,天青强,男,9,集成电路设计与集成系统,新东方厨师学校,13708934832,pxodw,2005,851
63170529,莎邹龙,男,8,信息显示与光电技术,篮翔智能研究院,57879413673,mteku,2018,b25
63173480,水璧琼,女,1,集成电路设计与集成系统,新东方培训学校,39889563498,ezbkj,2019,857
63192851,赵邹志,女,9,影视艺术技术,挖掘机研究所,89525039150,mrikz,2003,bc1
63217752,霭成芳,男,13,影视艺术技术,挖掘机研究所,82936410704,icnam,2009,188
63367827,国金枫,男,2,网络工程,新东方厨师学校,83799279398,nuuow,2002,172
63454426,志眉思,男,17,地理科学类地理科学,新东方培训学校,91566238168,rjbyq,2020,157
63505410,娣芝臧,男,4,资源环境与城乡规划管理,新东方厨师学校,48646174679,vdsnl,2008,7c3
63686959,刚奚陶,男,8,光电信息工程,杨振宁理学院,73197995051,wiame,2018,326
63692938,琼贞娥,男,13,地质学类地质学,篮翔智能研究院,35154483810,dybgc,2003,58a
64145463,雁彬唐,女,16,网络工程,杨振宁理学院,87959237413,hxqvw,2017,b54
64295877,月妍利,男,9,地质学类地质学,中国科学院,94839610985,lgllo,2019,9a1
64298038,玲莲嘉,男,10,地质学类地质学,篮翔智能研究院,54872749264,famph,2019,767
64362072,福鲍秀,男,8,电子信息工程,李政道学院,76913848783,pehvs,2003,74c
64435291,艳姬雪,女,19,影视艺术技术,新东方厨师学校,66003479242,hjjca,2006,133
64460099,彭舒尹,女,7,信息显示与光电技术,李政道学院,69003135243,rihfp,2018,5b5
64536058,良孔齐,男,5,地球化学,挖掘机研究所,14599269742,nvfjh,2011,9b2
64598174,静平凤,女,14,地球化学,杨振宁理学院,47608333324,npnfg,2012,9aa
64668793,康山于,男,8,生物医学工程,新东方厨师学校,47927064386,vnsie,2013,58c
64765208,茂齐蕊,女,17,自动化,挖掘机研究所,44284587436,vyqog,2001,6b5
64892707,福朱佳,男,4,地球化学,篮翔智能研究院,54880179471,yrrvx,2020,344
65081812,安尤费,男,8,电子科学与技术,杨振宁理学院,66375582001,zrgan,2000,84a
65109685,顺晓可,女,1,网络工程,挖掘机研究所,15825037052,ciotq,2006,b49
65186003,天利凤,女,14,电子科学与技术,杨振宁理学院,67391398627,njohz,2010,856
65340145,金文达,女,4,光源与照明,杨振宁理学院,70591734827,rimrf,2018,226
65523035,芳颖施,女,17,光源与照明,李政道学院,93569691217,wvhcg,2001,569
65750658,晶俞学,女,4,地球化学,新东方培训学校,45663571140,dbaeu,2016,893
66128473,贞倩安,女,6,地质学类地质学,新东方厨师学校,82270837888,xigna,2014,c41
66218807,素任达,男,16,电气工程及其自动化,新东方厨师学校,79708107312,lkmlr,2000,28a
66220925,祁淑美,男,16,资源环境与城乡规划管理,篮翔智能研究院,17402318362,pybfs,2013,7a4
66342947,影全眉,女,16,信息工程,新东方厨师学校,78440579269,qlese,2020,aa5
66360356,苏璐莲,男,12,信息显示与光电技术,新东方培训学校,36485990271,oacic,2015,582
66474606,米华昌,女,10,地理信息系统,新东方培训学校,14720522566,fmvyr,2006,c87
66607933,凤发眉,女,1,影视艺术技术,李政道学院,83292531376,njiev,2002,98c
66626599,乐金明,女,18,地理信息科学与技术,新东方厨师学校,22332707424,kmlcd,2001,23c
66667771,苏马穆,女,15,电子科学与技术,篮翔智能研究院,22338688205,zdrdu,2015,7b4
66689622,施莎禹,女,8,光电信息工程,篮翔智能研究院,35951130932,ziuuh,2014,42c
66779229,罗伍萍,男,7,地理科学类地理科学,杨振宁理学院,53298796398,rtkqx,2002,ab4
66998115,伊春昌,女,13,地理信息科学与技术,挖掘机研究所,16959114420,gkqqv,2002,383
67328682,眉卞青,男,10,地理科学类地理科学,篮翔智能研究院,61527734843,bqrsp,2014,523
67481158,贵雪琼,男,1,光源与照明,中国科学院,39103576363,yqwfg,2002,55c
67587188,李婵梦,女,9,地质学类地质学,篮翔智能研究院,97667736028,ryfho,2008,865
67873838,晶严茜,女,3,电气工程及其自动化,挖掘机研究所,46096427414,bmmpq,2018,a87
67963430,欣晶叶,女,8,光电信息工程,篮翔智能研究院,97921727846,orvmm,2016,551
67975909,许廉安,男,18,地理信息科学与技术,杨振宁理学院,30781928166,omxxh,2008,2bb
68303590,永杨怡,女,14,地理信息系统,李政道学院,69071894435,czqqc,2010,7bb
68318841,才郝滕,女,17,电气工程与自动化,杨振宁理学院,11654664187,xhysz,2013,12b
68364916,皮芬可,男,11,地理信息系统,杨振宁理学院,36013564813,zhgfw,2006,71c
68406730,臧潘红,女,18,地质学类地质学,新东方培训学校,28712974386,ysgpg,2006,9a1
68448279,荷秀伊,男,7,光源与照明,挖掘机研究所,56125880045,qmlxr,2019,76c
68487025,茜邹俞,女,10,软件工程,李政道学院,63809501362,xguio,2009,c72
68626980,湛贵月,男,3,地理信息科学与技术,挖掘机研究所,86816922069,swjrm,2014,336
68701862,任秋玲,男,11,地理信息系统,篮翔智能研究院,48611481206,ergmr,2002,5b2
68720255,韩傅芸,女,18,网络工程,新东方培训学校,22357072338,pqgqi,2005,299
68821115,何瑶全,女,9,光电信息工程,杨振宁理学院,76846745070,dgzty,2020,b22
68900528,英奚蕊,女,3,信息工程,杨振宁理学院,95776844741,namkf,2016,725
68941938,黛萧娣,男,17,电气工程与自动化,新东方厨师学校,47046093333,fkeku,2020,b67
68978645,邵志昌,女,6,网络工程,新东方厨师学校,19765997787,rgcte,2015,155
68984405,琦张中,女,18,信息工程,中国科学院,31334527775,otvtd,2008,441
69073214,爱妹米,男,1,计算机科学与技术,新东方厨师学校,89402705132,hapnl,2002,b22
69144879,军殷梅,男,14,通信工程,篮翔智能研究院,84029216154,toeyv,2016,bb8
69169477,郝凤珊,男,16,光源与照明,李政道学院,97207644719,rjftt,2008,314
69175910,柔蓓珍,女,18,地理信息系统,挖掘机研究所,66996238200,fiswx,2003,8b7
69285159,毕窦勤,女,12,计算机科学与技术,杨振宁理学院,97455989408,dapry,2014,5b3
69432726,穆光秦,男,7,光源与照明,新东方培训学校,56560956870,fwzms,2016,115
69483759,菲丹雪,男,6,通信工程,新东方厨师学校,19429495815,zwege,2014,29b
69946198,胜茜姣,男,5,地理信息科学与技术,李政道学院,85226551897,wyxqs,2013,487
70006889,凤滢寒,男,19,电子信息工程,新东方培训学校,88698940849,grpfi,2004,b4b
70283011,鲍星中,女,16,软件工程,中国科学院,18373177485,alcxh,2017,c72
70479285,飘锦晶,女,13,电子科学与技术,挖掘机研究所,78243314701,fgvpz,2015,a45
70553289,廉伍中,女,6,自动化,挖掘机研究所,68009429197,okcbk,2002,58c
70678747,天霄伍,男,10,地理科学类地理科学,篮翔智能研究院,92242514177,femct,2004,377
70796945,安薇俞,男,15,电子信息工程,杨振宁理学院,97994934117,cdccu,2012,a34
70845464,波颖滢,女,16,通信工程,李政道学院,24853819789,rsdya,2007,719
70859142,云勤贺,男,4,地球化学,篮翔智能研究院,67755321527,tjztz,2001,727
70929791,荷露富,男,1,计算机科学与技术,中国科学院,22175063192,wijyl,2017,838
71046547,竹金娟,女,10,电子信息工程,新东方厨师学校,71575519880,vgcqn,2003,746
71075005,菁娣全,女,5,地理科学类地理科学,杨振宁理学院,70123811452,ftjrl,2012,833
71105545,桂琼邬,男,3,计算机科学与技术,篮翔智能研究院,42865219146,flhyo,2005,822
71376692,海莺佳,女,18,天文学类天文学,新东方厨师学校,27914636061,tcsru,2006,8a9
71543046,保莺香,女,6,计算机科学与技术,篮翔智能研究院,36395398972,bgfcc,2005,664
71684946,伟欢娜,男,2,电气工程及其自动化,杨振宁理学院,43101754411,orebz,2005,753
71779924,武菁志,女,17,天文学类天文学,李政道学院,72381670086,cpljg,2010,672
71815909,清颖康,女,19,生物医学工程,中国科学院,53762447082,ybpfn,2012,6bb
72017690,倪全殷,男,1,地理信息系统,李政道学院,12848652690,bjhdh,2014,255
72101435,娣莉陈,女,2,计算机科学与技术,李政道学院,82999701734,kwgkq,2009,b78
72122940,玲思翠,女,2,地质学类地质学,新东方厨师学校,14840063544,ijezt,2020,a51
72139053,惠枝凡,男,3,光电信息工程,挖掘机研究所,38593158833,qgxqj,2002,b5b
72149510,璐贞飘,女,14,地质学类地质学,篮翔智能研究院,24553984234,udveo,2001,3cc
72215102,霞彭山,女,10,地质学类地质学,杨振宁理学院,48417789491,qsvpq,2002,7a2
72457820,琦眉珊,男,14,地理科学类地理科学,中国科学院,57531078693,vdonn,2017,296
72460612,于寒禹,女,2,影视艺术技术,中国科学院,70395249658,rtriz,2007,a9a
72537855,山祥尹,男,13,电气工程与自动化,篮翔智能研究院,14743868928,zogwx,2000,113
72611000,殷珍昌,女,13,信息显示与光电技术,篮翔智能研究院,83178564499,rdfbg,2018,a76
72776491,文彬发,女,18,地理科学类地理科学,篮翔智能研究院,57035324105,dlpwb,2008,8a7
72840658,伍霄明,男,12,地理信息科学与技术,新东方厨师学校,51793319851,cuapm,2003,8ca
73031599,勤邬育,男,3,集成电路设计与集成系统,篮翔智能研究院,94252271564,bjpxs,2003,a9a
73118329,蕊素兰,男,18,资源环境与城乡规划管理,篮翔智能研究院,55358351305,aayki,2007,a84
73158922,杨岩妍,男,7,电气工程与自动化,挖掘机研究所,52859789555,xtrnh,2010,c24
73223797,柏平蕊,男,6,电气工程与自动化,挖掘机研究所,13355620068,cnmvh,2013,571
73392096,狄学颖,女,19,自动化,李政道学院,77944105473,puswt,2016,c3b
73540109,娟桂明,女,13,软件工程,挖掘机研究所,96196768091,xrvqo,2020,aca
73540796,枫芳孟,男,1,影视艺术技术,新东方厨师学校,16196448088,vobgy,2019,5ba
73678697,光宁娅,女,19,网络工程,李政道学院,89760137336,mtdxs,2016,8ab
73859565,婵惠安,女,5,地理科学类地理科学,中国科学院,72168090305,btgya,2019,12a
73910298,朱璧俊,女,14,光电信息工程,新东方厨师学校,84242913635,wvfhv,2019,17c
73928108,勇顾尹,女,8,电气工程及其自动化,新东方培训学校,79632222956,fadto,2014,557
74412757,仪时倩,女,13,天文学类天文学,新东方培训学校,16608490125,uddyg,2003,622
74597966,莺青婵,男,19,电子信息工程,新东方培训学校,99266973780,mwxbg,2005,9b7
74878408,娅姚全,男,1,生物医学工程,杨振宁理学院,44921074047,pwdxm,2009,b27
74922523,露方齐,女,4,地理科学类地理科学,挖掘机研究所,85341782774,iqcwc,2006,127
75049649,苗保莎,男,17,地球化学,挖掘机研究所,73972628963,zfipl,2001,822
75071092,华惠冯,女,7,地理科学类地理科学,篮翔智能研究院,58855703954,mncoc,2015,975
75116782,桂岩毛,男,14,天文学类天文学,杨振宁理学院,63564253543,dhgqj,2014,a63
75157019,莲罗滕,女,19,电气工程及其自动化,篮翔智能研究院,85504239542,bevkg,2002,6b8
75273167,莉倩凤,男,6,网络工程,新东方厨师学校,92921964984,izkmc,2002,9bc
75294685,眉菁华,男,9,自动化,中国科学院,75669291973,tqfcv,2014,81b
75325231,方辉巧,男,15,天文学类天文学,新东方培训学校,69674241107,zttiz,2008,c85
75354113,生梦伊,男,7,光源与照明,新东方厨师学校,75046801515,wipbj,2001,724
75365828,秀莎素,男,8,资源环境与城乡规划管理,杨振宁理学院,93671063109,nqhqu,2010,6a2
75556416,梦桂清,男,7,电子信息工程,中国科学院,58322630871,iamrc,2008,281
75700315,赵发琴,女,18,生物医学工程,新东方培训学校,52858325251,rkeyu,2012,c98
75750073,鲍寒米,女,6,自动化,新东方厨师学校,14257518164,bjfsj,2012,46a
75807100,茂玉韦,女,5,网络工程,挖掘机研究所,30345364573,irfxp,2012,a5b
75849140,祁胜潘,女,14,天文学类天文学,挖掘机研究所,94735718017,efcbd,2011,962
75864690,于飞元,女,8,资源环境与城乡规划管理,中国科学院,86310147736,wsgep,2016,442
75905027,宁波良,女,8,信息工程,挖掘机研究所,89220195495,zgyqs,2016,52a
75906188,蓉亚孙,女,12,电气工程及其自动化,篮翔智能研究院,32711701730,pavod,2005,c98
75939254,发喻子,男,14,资源环境与城乡规划管理,杨振宁理学院,42299875415,cuvam,2000,c91
75945789,蓉燕薛,男,14,软件工程,杨振宁理学院,98527582875,kbmkh,2015,5c9
76191552,广舒倩,女,18,网络工程,新东方培训学校,78782800601,sgzhr,2017,9c1
76200143,鲍瑾竹,男,13,生物医学工程,中国科学院,54765028562,xonip,2014,cab
76223983,全竹顾,男,6,光电信息工程,挖掘机研究所,96847741962,hupxc,2002,92a
76251186,艳毅窦,女,14,生物医学工程,新东方厨师学校,28281736535,alyxz,2008,498
76269776,佳舒禹,男,4,自动化,中国科学院,80906585331,qtttr,2000,348
76292456,茜苑郑,女,4,地理信息系统,新东方厨师学校,20144160684,vypov,2018,1a9
76347082,常余鲁,女,3,网络工程,中国科学院,26289709742,oorop,2020,129
76419445,鲁苏张,男,1,计算机科学与技术,挖掘机研究所,43108093291,ipdso,2001,6a4
76544830,翠嘉伟,女,6,信息显示与光电技术,杨振宁理学院,51387530640,fnugb,2012,173
76591940,杨亚成,男,10,通信工程,中国科学院,35678547016,inaxw,2014,c87
76657303,尤于姜,男,2,通信工程,李政道学院,97815026248,gqlng,2000,9ba
76699449,殷露鲍,男,13,生物医学工程,新东方培训学校,63430552759,tglxh,2011,129
76780664,姜枫沈,女,1,地质学类地质学,李政道学院,48934155641,hgioa,2003,a83
76865070,元娣雪,女,2,电子科学与技术,中国科学院,90256820988,knyne,2002,c27
76922359,欢汤艳,男,15,地理科学类地理科学,杨振宁理学院,81167189010,aeqjv,2018,167
76996758,舒褚米,女,19,电气工程及其自动化,新东方厨师学校,15828317587,sdiax,2005,536
77043085,陶岑邬,男,8,地理信息系统,新东方培训学校,31153205100,sntth,2020,3a9
77222739,峰才兴,男,3,信息工程,新东方培训学校,61666568403,sdvlc,2008,948
77228410,韦黛毕,男,1,电子科学与技术,中国科学院,56203732643,wlbyt,2017,47a
77425094,酆世黛,女,18,电子科学与技术,篮翔智能研究院,41863552411,hiavz,2002,53c
77458833,颖荔素,女,15,资源环境与城乡规划管理,杨振宁理学院,14622413251,beber,2017,971
77603953,毅云苏,男,19,电子科学与技术,新东方培训学校,87883824714,iuqgr,2007,62c
77662637,苏花英,男,5,光源与照明,新东方厨师学校,35307214053,axwxa,2003,41c
77889471,蓓飞秋,女,12,信息工程,新东方厨师学校,52414277243,lahit,2005,9ca
77902409,琼巧芳,男,16,地质学类地质学,李政道学院,43107964551,zjhgg,2018,176
77932841,元国吕,男,10,电气工程与自动化,中国科学院,13719693558,shuuu,2020,56a
77966562,明宁许,男,13,地球化学,挖掘机研究所,86047802085,ltdbd,2000,489
78004737,环露严,女,15,软件工程,中国科学院,16016444448,edebh,2009,b55
78065487,霞祁黛,女,6,软件工程,新东方厨师学校,77689015809,oytdc,2007,471
78400371,峰竹薇,男,11,光电信息工程,新东方培训学校,68792636333,uissm,2011,513
78503998,思秦嘉,女,15,生物医学工程,新东方厨师学校,19067100610,gzgee,2001,876
78516894,兰薛喻,男,13,地质学类地质学,中国科学院,72276495971,uxwfi,2004,768
78528217,娅和金,女,14,地理信息科学与技术,中国科学院,65091350586,srnot,2000,642
78550165,武欢云,女,12,自动化,杨振宁理学院,48437111878,tpbha,2001,16b
78718303,皮费姬,男,12,信息显示与光电技术,挖掘机研究所,58164132443,sdprd,2020,58c
78902818,洁荷叶,女,8,地理信息系统,篮翔智能研究院,14066664702,nwtpd,2012,6b3
78914317,兰秋惠,女,18,生物医学工程,新东方培训学校,51902164057,fxktl,2008,2a2
79052174,强柔璧,女,6,电气工程及其自动化,杨振宁理学院,77379691004,adqiz,2018,2a3
79095954,薇何凤,男,5,信息显示与光电技术,篮翔智能研究院,54392410656,mxsbk,2019,62b
79137059,冯秋红,男,8,通信工程,中国科学院,84270698237,pziaj,2010,55c
79199538,吕欢良,女,7,资源环境与城乡规划管理,挖掘机研究所,52870980045,vcwlq,2019,187
79340382,霭珊娅,男,10,信息显示与光电技术,新东方培训学校,52356979150,ozskp,2012,a51
79448643,志华茜,女,13,网络工程,篮翔智能研究院,90438850956,mgnwg,2005,5c5
79475946,富菁莺,女,12,光电信息工程,篮翔智能研究院,18577081786,benoc,2015,713
79672594,奚宁邬,男,13,地理信息科学与技术,篮翔智能研究院,43742701950,fgnzm,2005,317
79701750,顺莎安,男,6,计算机科学与技术,挖掘机研究所,59077624979,vejzh,2003,584
79714114,宜娴凡,男,5,信息工程,中国科学院,22650688442,jqffz,2000,397
79720605,曹世毅,女,6,自动化,挖掘机研究所,93298376603,txvki,2008,9a1
80011034,嘉雪馥,女,11,电子信息工程,新东方培训学校,41286518325,lhbhn,2013,153
80014076,利桂文,男,8,地质学类地质学,新东方培训学校,82919768671,envpn,2007,219
80098646,妍凡翠,女,9,电子信息工程,篮翔智能研究院,69146762172,tfvpw,2006,bc6
80423310,玉米娜,男,7,影视艺术技术,挖掘机研究所,91567235624,udrwy,2010,a83
80467817,飞凤勇,男,19,计算机科学与技术,篮翔智能研究院,30957467578,tawkf,2020,c15
80523221,章萍眉,男,10,计算机科学与技术,挖掘机研究所,56006904114,uplta,2008,43a
80528891,孙思皮,女,16,生物医学工程,李政道学院,22873776121,isnqb,2005,12b
80537152,邬刚柳,男,4,软件工程,篮翔智能研究院,65051843504,ivvlf,2015,a84
80590509,广光彩,男,14,集成电路设计与集成系统,新东方厨师学校,32310378263,tnzoq,2003,354
80648034,伊瑾伍,男,2,光源与照明,新东方厨师学校,98279858627,ywoui,2014,4a8
80680712,卜萍郑,女,12,影视艺术技术,挖掘机研究所,49877969664,sdbud,2010,191
80682520,昌萍殷,男,1,资源环境与城乡规划管理,杨振宁理学院,83176747421,dvrvn,2012,a1c
80688234,筠志汪,男,16,光源与照明,中国科学院,52624292895,trbgr,2003,347
80742484,安蕊岑,女,4,电气工程及其自动化,李政道学院,16390204870,kpxsl,2009,346
80763171,岑鲍婵,男,13,集成电路设计与集成系统,中国科学院,37432747217,mfghx,2017,778
80824311,余军贞,男,10,电气工程及其自动化,中国科学院,22310538427,txrke,2003,599
80910073,娣穆涛,男,12,资源环境与城乡规划管理,新东方厨师学校,16297373106,udgii,2017,197
80959368,仪茜顺,男,17,地球化学,杨振宁理学院,82435816041,azmjf,2006,638
81202974,秦孙晶,男,7,地质学类地质学,篮翔智能研究院,64758916744,tzjvc,2002,a34
81209476,保梅仁,男,15,地理科学类地理科学,杨振宁理学院,30087194517,zxzed,2013,74a
81210712,眉许潘,女,4,地球化学,新东方厨师学校,93676888038,kiuxu,2008,49c
81211944,东湛卞,男,14,通信工程,新东方培训学校,87993669810,xvitq,2008,927
81454142,琳凡乐,女,7,生物医学工程,中国科学院,44352514565,ksvib,2011,b12
81727679,明辉岑,女,8,地质学类地质学,新东方厨师学校,29073530022,yiesx,2005,89c
81733372,鲍赵顺,女,17,光电信息工程,挖掘机研究所,56624312204,bfyoi,2002,226
81789402,生娥倩,男,18,集成电路设计与集成系统,挖掘机研究所,29690931645,ovfsx,2017,7b1
81816097,淑章信,男,18,信息工程,杨振宁理学院,71701798566,uizhr,2012,2ac
81926859,花窦陶,女,3,软件工程,中国科学院,14591318478,uphky,2018,489
81978596,贝吕中,男,18,通信工程,新东方厨师学校,98368803588,lkvho,2020,524
82139274,军岩丹,男,9,软件工程,新东方培训学校,20690729211,xhrep,2017,289
82156031,滢琴柳,男,17,网络工程,新东方厨师学校,41925779065,baggc,2001,182
82229899,汤秋莺,女,11,计算机科学与技术,杨振宁理学院,88676091337,avmoe,2009,c48
82275364,彬雷霄,男,10,资源环境与城乡规划管理,篮翔智能研究院,41501151412,yvcir,2004,114
82362260,毕伍秀,女,1,电气工程及其自动化,新东方培训学校,19586946961,vafgi,2019,246
82443137,水清窦,女,18,地理信息科学与技术,中国科学院,28016334909,aivmi,2010,bc7
82563503,玲静鲍,女,1,地理信息系统,新东方培训学校,58696013176,qodxp,2000,185
82590081,祥枫凤,男,10,光电信息工程,篮翔智能研究院,73210698797,znlsb,2001,624
82754042,章安思,女,8,通信工程,新东方培训学校,91322140701,ubsqy,2018,2ca
82933040,陈黛荔,男,3,电子信息工程,篮翔智能研究院,28233482965,ddowy,2001,9a2
82946157,康陈凤,女,11,信息显示与光电技术,中国科学院,52786156443,fxqzh,2018,522
82965879,顺奚眉,男,4,资源环境与城乡规划管理,新东方培训学校,33058599249,wdayd,2003,327
83387474,全芸平,女,17,信息显示与光电技术,篮翔智能研究院,18276053245,tvvuz,2000,1cb
83446364,星狄丽,女,1,地理信息科学与技术,杨振宁理学院,97163610109,iszon,2011,4c3
83625330,莲子燕,男,1,光源与照明,挖掘机研究所,38358605362,jroza,2007,1a1
83763555,奚窦国,女,10,资源环境与城乡规划管理,新东方培训学校,19629317043,xlili,2007,761
83943028,菲琴峰,女,17,计算机科学与技术,挖掘机研究所,79870342732,kggvx,2005,2bc
83993805,亚永华,女,17,资源环境与城乡规划管理,杨振宁理学院,22080237479,hjddq,2015,95b
84014660,元倩康,女,16,电子信息工程,新东方培训学校,42955960731,uvoot,2020,5cb
84169497,禹黛萍,女,11,天文学类天文学,杨振宁理学院,96399395989,pbycr,2007,77a
84173401,冯皮月,女,4,电子信息工程,新东方培训学校,33682557970,krhzl,2017,3c9
84192739,爱星张,女,15,电子科学与技术,李政道学院,59082756431,qyqtq,2020,c69
84449250,芸君曹,男,12,通信工程,挖掘机研究所,54720939050,zyrzc,2007,7b6
84672315,菊梦玉,男,4,光电信息工程,篮翔智能研究院,96771124320,rvxvt,2016,836
84836578,璧伍米,男,8,光电信息工程,中国科学院,63139746201,iekiy,2012,b91
84943205,奚王毅,男,3,地球化学,新东方厨师学校,76290645110,dcvcg,2010,6b3
85209140,良叶韦,男,13,生物医学工程,李政道学院,34821704180,rlgpt,2019,971
85742507,顾吴强,男,3,地球化学,新东方培训学校,87193004277,vtxuq,2014,c2c
85796120,志娜伊,男,2,软件工程,杨振宁理学院,79682395943,lllzf,2013,6b5
85873645,竹姣娟,男,11,软件工程,杨振宁理学院,87615564175,yingj,2000,442
86033168,秀宜光,女,6,网络工程,新东方培训学校,89964876106,nnpuj,2020,487
86143068,光俞嘉,女,19,光源与照明,中国科学院,99847079828,rghoo,2013,839
86166630,芬邹贺,男,6,自动化,挖掘机研究所,54599140211,osrrh,2005,a95
86194754,艳晶伊,男,16,计算机科学与技术,挖掘机研究所,48682790998,xjwjl,2016,3c6
86216728,邵伍菁,男,16,地理科学类地理科学,杨振宁理学院,90456130626,jrbtk,2015,74c
86396373,和中秋,男,10,电气工程及其自动化,挖掘机研究所,52302367742,zeckh,2002,b12
86418464,强怡姜,男,15,电子科学与技术,篮翔智能研究院,78798385663,bdjlj,2002,766
86665754,彭莺倪,男,13,地理信息系统,新东方厨师学校,45761894703,tbxfg,2003,933
86742164,仪冯何,男,5,光源与照明,篮翔智能研究院,65080892016,keikl,2008,1bc
86797789,倩嘉峰,女,18,地理信息科学与技术,新东方培训学校,52443075596,scwai,2004,8b8
86906687,廉元娥,女,8,电气工程与自动化,新东方培训学校,72103376235,rfckh,2017,8ca
86907627,韦枝杰,男,10,计算机科学与技术,新东方培训学校,43124407525,sdhtl,2020,747
87035117,璧中明,男,10,电气工程与自动化,新东方培训学校,41953892432,bmatx,2019,8ab
87046130,宁翠瑞,女,11,通信工程,杨振宁理学院,36454885135,qjnhd,2014,724
87159453,荔学湛,女,17,电子科学与技术,篮翔智能研究院,10838240004,ilxds,2009,b67
87323145,尤强芸,女,18,地理科学类地理科学,杨振宁理学院,87904347821,lfoca,2008,992
87324107,祥世嘉,女,12,地理信息系统,新东方厨师学校,54062749353,zximd,2013,7a4
87332682,珍茜飘,男,5,电气工程及其自动化,新东方培训学校,21731988688,jsadc,2010,146
87338899,吴康桂,女,18,影视艺术技术,杨振宁理学院,23780531339,moyjr,2007,48a
87354214,彩凝祥,男,18,网络工程,新东方厨师学校,80834171181,yxjuj,2011,a84
87523714,岚怡月,男,19,资源环境与城乡规划管理,李政道学院,16778202665,xbikt,2000,337
87534896,任雷寒,男,7,软件工程,挖掘机研究所,58208587142,vxcsz,2003,612
87540396,岩顾琴,女,14,集成电路设计与集成系统,新东方厨师学校,10336115026,adyry,2019,822
87657068,锦卫馥,女,13,网络工程,杨振宁理学院,25795609706,hmahu,2015,8a6
87660976,秋红霞,男,13,信息工程,新东方厨师学校,42151710819,ptpbe,2015,139
87689822,星凡芬,男,7,天文学类天文学,新东方培训学校,35374827381,udwwm,2020,996
87920506,广洁薇,女,8,电气工程与自动化,新东方培训学校,94603764498,qfqud,2010,654
88136198,狄影霞,女,5,软件工程,篮翔智能研究院,74807051031,ewitr,2010,ab4
88137836,环真茂,女,14,光源与照明,杨振宁理学院,34389957346,nblpa,2001,755
88231708,素薇岑,女,6,影视艺术技术,杨振宁理学院,75871658736,ptnnd,2017,c82
88377474,华义义,女,11,地理信息科学与技术,杨振宁理学院,35495681192,qbexc,2004,9b8
88386993,月信彭,女,12,信息工程,新东方厨师学校,12252831390,cvicp,2020,553
88429495,贞静倩,女,4,地理科学类地理科学,新东方厨师学校,79850287006,ceaku,2019,7ba
88490243,星卞俊,女,9,电气工程及其自动化,篮翔智能研究院,32765143470,zogpc,2019,c86
88606024,窦妍孟,女,7,信息显示与光电技术,李政道学院,60864475891,olymu,2010,872
88714352,眉柳罗,女,18,信息工程,篮翔智能研究院,70243973368,hjsbu,2020,5bc
88859994,杨茜倩,男,9,计算机科学与技术,新东方厨师学校,47664035550,hivtk,2019,2cc
88948750,才全奚,女,4,光电信息工程,中国科学院,88356760541,xwvph,2020,cb1
89003325,杰彩新,女,13,地理信息系统,中国科学院,31503812259,gvvkh,2017,c13
89004893,玲芸琦,男,18,光电信息工程,新东方厨师学校,17760139648,hrett,2009,ab6
89009977,霭雁可,女,7,通信工程,新东方培训学校,89226441758,ocsoo,2007,6a1
89061518,慧娣清,男,10,光电信息工程,中国科学院,91025683400,ioccz,2018,194
89274344,晶亚静,女,7,软件工程,中国科学院,42873666296,srrxj,2019,aa9
89321078,娅锦佳,女,2,信息工程,挖掘机研究所,20248667980,gbgqm,2014,9a1
89414120,昌富孔,男,17,地质学类地质学,新东方厨师学校,74775379676,qwqmb,2017,27b
89559402,怡亚华,男,4,资源环境与城乡规划管理,中国科学院,82651118519,zupqw,2004,23a
89835175,雁欢秋,男,11,生物医学工程,中国科学院,59872567930,envfy,2000,b2b
89876034,莺禹昌,男,16,地理信息系统,李政道学院,54155964378,omuoh,2020,141
89915008,利秋珠,女,4,地质学类地质学,新东方培训学校,73711698138,vaewi,2005,c54
89974629,郑琴香,男,16,资源环境与城乡规划管理,篮翔智能研究院,10285358632,xtvzz,2005,218
89975099,珊鲍毅,男,14,信息工程,新东方培训学校,31531027901,jviwd,2004,346
90175458,祥费勇,女,18,网络工程,新东方培训学校,54521025093,yznxq,2004,33a
90237543,红姬潘,男,1,资源环境与城乡规划管理,篮翔智能研究院,36226726834,ldumf,2009,71a
90448314,山梦曹,女,8,信息工程,中国科学院,86782642973,qwank,2009,575
90519982,常丹戚,女,8,自动化,中国科学院,81953421015,cglkj,2009,1a2
90590759,秋晶郝,男,13,自动化,新东方培训学校,28156282842,mkkvl,2011,ab1
90780512,殷乐顺,女,2,光源与照明,李政道学院,60151091307,zzxqo,2010,443
90847256,婉伊滕,女,10,天文学类天文学,李政道学院,30807013101,orluz,2009,765
90903080,娴韦娟,女,4,光电信息工程,新东方厨师学校,61440701399,krfms,2015,2c1
91268832,美兴云,男,7,网络工程,新东方厨师学校,17359476848,jaijd,2015,bb3
91465262,严莲月,男,12,集成电路设计与集成系统,挖掘机研究所,80355559427,kvhac,2019,45c
91768193,华涛卜,男,8,信息工程,挖掘机研究所,53977940664,ievyr,2010,567
91799364,辉郑常,男,18,电气工程与自动化,篮翔智能研究院,51626375340,rdjuk,2010,255
91982809,瑾臧柏,男,5,地质学类地质学,杨振宁理学院,82997162111,xjthp,2016,cbb
92002569,范环信,男,8,电子科学与技术,中国科学院,56754865613,rexbg,2008,a3b
92194158,娅晶莎,女,4,计算机科学与技术,新东方厨师学校,78330551091,ejogd,2005,b8a
92319759,顾华辉,男,14,计算机科学与技术,李政道学院,95494838145,audon,2006,64b
92476046,汪明淑,男,8,天文学类天文学,挖掘机研究所,94757396961,ywsfn,2003,156
92654496,新寒锦,女,14,信息显示与光电技术,中国科学院,26222702280,miqhc,2000,321
92692285,章峰娴,男,18,地质学类地质学,杨振宁理学院,35818459401,urvzw,2019,122
93219035,雅彬毅,女,14,电气工程与自动化,李政道学院,64031977360,myras,2006,149
93506471,秋柏傅,男,2,电子信息工程,新东方培训学校,84997888956,rqwtp,2005,211
93519921,妍云琴,女,11,生物医学工程,篮翔智能研究院,98050861066,ltyyt,2018,c76
93608139,山保葛,女,11,自动化,李政道学院,23058012241,darcz,2016,596
93761670,费毛瑞,男,5,网络工程,新东方厨师学校,14280076779,bimsz,2000,b68
93765594,莉光伟,女,16,自动化,中国科学院,49634614412,qeufn,2012,53b
93833010,俊波婷,男,13,光电信息工程,中国科学院,11478270104,dtudq,2015,324
93909566,姜凤酆,男,16,电子信息工程,新东方培训学校,59234117230,okjxt,2003,c75
93998783,宁君雪,男,5,计算机科学与技术,中国科学院,80177896011,lbdpv,2007,6b5
94003676,云世强,女,17,地理信息科学与技术,新东方厨师学校,43303797584,ptovj,2014,27a
94084366,淑成枝,女,4,天文学类天文学,中国科学院,85271466056,ltynr,2019,6c4
94306974,嘉姣倩,女,4,自动化,挖掘机研究所,35667934615,zuldy,2017,288
94531373,春颖娟,男,2,地理科学类地理科学,杨振宁理学院,39353602767,vtjkf,2013,192
94560477,顾蕊范,女,11,电气工程及其自动化,杨振宁理学院,12904589050,ondtu,2012,571
94608077,萍玲朱,男,15,地球化学,新东方培训学校,85185183527,zobmd,2000,822
94615582,毕妍良,女,4,地球化学,新东方厨师学校,84487212015,icisj,2003,1b6
94639700,寒枝全,男,6,资源环境与城乡规划管理,篮翔智能研究院,34160271788,ujmyu,2006,261
94683618,怡霄穆,男,5,资源环境与城乡规划管理,新东方厨师学校,92595335175,hqcfx,2018,649
94840610,可保凡,女,7,软件工程,李政道学院,31952614994,vglph,2005,332
94904209,才茜薇,女,13,地球化学,杨振宁理学院,88289225705,ndsul,2013,b29
94911187,杨东国,女,16,通信工程,新东方培训学校,12015433908,owhnm,2019,a65
94929172,思秦辉,男,10,生物医学工程,篮翔智能研究院,23517459863,pqfce,2009,c3b
95028606,余蒋汤,男,6,地理信息系统,新东方厨师学校,19812299820,wpsgr,2016,331
95196362,柳倪孟,男,5,网络工程,挖掘机研究所,72915064233,hxuwp,2005,a7b
95231514,姣祁殷,女,16,地质学类地质学,中国科学院,34051689182,idkdo,2003,262
95242385,艳雁妍,女,3,电气工程及其自动化,李政道学院,78598973591,mtoyn,2012,316
95410761,湛鲁婷,女,2,计算机科学与技术,中国科学院,14928128360,gkwge,2014,122
95492888,沈叶波,男,6,地质学类地质学,篮翔智能研究院,53472501955,dkeyx,2017,b56
95644224,国安眉,女,7,地球化学,杨振宁理学院,78685394683,spqds,2007,799
95773976,汤水李,男,2,信息显示与光电技术,篮翔智能研究院,90680619239,zjwtb,2007,826
95923161,琦星岑,男,1,信息工程,李政道学院,58398763222,nfief,2009,187
95986315,英雁韦,男,1,信息工程,杨振宁理学院,49767074175,xbwae,2008,a18
96213036,璧元叶,男,13,地理信息系统,新东方培训学校,23306320860,yrpwc,2012,9b2
96374995,枫戚杰,男,8,自动化,新东方培训学校,41924069739,nugfb,2001,897
96375309,志志秦,女,15,地质学类地质学,挖掘机研究所,30727452518,zqhvb,2017,971
96395782,茜丹瑶,男,14,光源与照明,李政道学院,78109262033,yedso,2000,3b6
96481278,环平素,男,10,电气工程及其自动化,新东方厨师学校,30369896017,urydd,2013,baa
96497809,勇朱妍,女,11,信息显示与光电技术,挖掘机研究所,18908439607,rxqvv,2018,883
96528770,世秋毛,女,15,资源环境与城乡规划管理,新东方厨师学校,74594268270,byicx,2002,797
96759901,韦戚安,女,4,信息工程,中国科学院,83844317839,imiij,2019,388
96776296,娥毕孙,女,17,电气工程与自动化,李政道学院,47264021292,srmtk,2002,782
96809170,叶倪元,女,10,地球化学,新东方厨师学校,25826530399,pliyx,2001,25a
96817554,朱秋滕,男,6,地质学类地质学,篮翔智能研究院,35447786621,dzjaf,2006,6c5
96877026,莲新郑,女,19,地质学类地质学,挖掘机研究所,92207085012,uteac,2001,a3c
97005175,吴新星,女,10,天文学类天文学,杨振宁理学院,30291316809,zvbgo,2009,999
97045953,雪晶葛,男,17,地理信息科学与技术,篮翔智能研究院,69650842436,vzplr,2016,84b
97073708,史婉曹,女,1,影视艺术技术,中国科学院,93471854467,hpqgt,2001,632
97148760,筠颖凤,男,17,电子科学与技术,中国科学院,25891137845,rfycq,2003,967
97169744,钱米良,男,7,天文学类天文学,篮翔智能研究院,48020868130,focvp,2011,9a9
97290307,新伊爱,男,10,天文学类天文学,李政道学院,70696350145,egtck,2020,119
97582451,皮鲁姬,男,2,通信工程,挖掘机研究所,53941120617,bauzy,2000,452
97588963,仪璧璐,男,8,生物医学工程,杨振宁理学院,43886510838,tucer,2000,149
97609723,褚倪方,女,9,电子信息工程,杨振宁理学院,90987903661,dubgv,2013,6a5
97764293,君湛红,男,9,生物医学工程,李政道学院,19247639260,rogpg,2015,aab
97778660,霞眉冯,女,19,电子科学与技术,篮翔智能研究院,35363636186,nrchb,2016,582
97784173,育元天,男,4,天文学类天文学,篮翔智能研究院,66962520908,nmlqf,2007,343
97799206,永素倪,男,19,光电信息工程,挖掘机研究所,54196109985,vhnmc,2006,2b1
97805447,丽君纨,女,1,地理科学类地理科学,李政道学院,53836964121,lsjla,2002,a19
97866305,毛史萧,男,7,软件工程,中国科学院,94066404231,dbdtj,2005,585
97867428,施孙昌,女,13,地理科学类地理科学,杨振宁理学院,64678090010,pxkmj,2003,185
97947546,殷齐安,男,10,影视艺术技术,中国科学院,37805899524,hclno,2000,3ba
97963424,曹齐达,男,8,生物医学工程,新东方厨师学校,57129521194,sgzcw,2008,48b
98194074,欣贵黛,男,15,电气工程与自动化,杨振宁理学院,61120403131,guqzx,2019,71a
98245973,永琦婵,男,18,电气工程与自动化,新东方厨师学校,75107448732,zvikj,2009,625
98317430,岚妹冯,女,15,通信工程,篮翔智能研究院,77117235279,duoet,2002,aaa
98352305,思婉娟,男,6,光电信息工程,新东方培训学校,52867869187,entah,2018,874
98361299,吕静玲,男,12,生物医学工程,杨振宁理学院,19995035317,ubxhu,2000,881
98367684,山禹伊,男,2,光电信息工程,杨振宁理学院,80383459866,oauyw,2010,1a4
98469819,柏兰可,女,16,资源环境与城乡规划管理,新东方培训学校,69066150581,gpsrx,2006,372
98533673,全富杰,女,7,光电信息工程,中国科学院,26547970719,gkgit,2014,6a9
98550687,方凤傅,男,11,生物医学工程,李政道学院,72019466393,npfnu,2017,153
98812113,任明汪,男,5,地理信息系统,中国科学院,87178012191,cbzkh,2019,ccb
98957002,嘉淑中,女,3,自动化,中国科学院,71133148647,tzifr,2019,1a2
99030377,叶娜时,女,15,地理科学类地理科学,新东方厨师学校,79992231271,uinaw,2015,cc9
99037671,淑雁生,女,16,天文学类天文学,中国科学院,90719766923,dknml,2019,888
99115083,富苗学,男,18,电气工程与自动化,篮翔智能研究院,87645627897,akmjr,2014,169
99251850,璐爱傅,男,1,网络工程,中国科学院,85154384444,pgail,2003,ccc
99414302,慧袁环,女,3,生物医学工程,李政道学院,74629098680,svdlq,2019,698
99437788,翠玉伊,女,7,光源与照明,新东方培训学校,28352834857,gfsnl,2019,731
99456846,彩妍禹,女,12,地理科学类地理科学,杨振宁理学院,99364749687,uxnaz,2007,5c7
99545301,枝兰露,女,3,资源环境与城乡规划管理,李政道学院,83990353205,ijshe,2009,b49
99565609,瑞倪柳,男,13,影视艺术技术,新东方厨师学校,16180051165,dbpqz,2002,3c9
99746655,邹秋生,男,10,地理信息科学与技术,杨振宁理学院,28864000998,pagns,2008,a36
99780347,孔姚军,女,19,电子科学与技术,李政道学院,54847958078,rmpro,2018,6ba
99890280,芸锦枫,女,13,地理信息系统,新东方培训学校,32821464646,xowny,2020,123
99917896,萍莲妍,男,15,地球化学,中国科学院,52046662593,hqxvi,2007,29c
